page,url,template,kind,filename,title,alt,caption,description,width,height,format,exifTitle,exifDescription,keywords,pinterestTitle,pinterestDescription,srcset,src
/authors/james-okafor/,/authors/james-okafor/,author,portrait,james-okafor-portrait.webp,"Portrait of James Okafor, Writer — shelf life, storage methods, pantry organization","Portrait of James Okafor, Writer — shelf life, storage methods, pantry organization","","A bright modern organized kitchen a bright modern organized kitchen pantry. Editorial photograph, bright natural light, premium magazine quality.",600,600,webp,"Portrait of James Okafor, Writer — shelf life, storage methods, pantry organization","A bright modern organized kitchen a bright modern organized kitchen pantry. Editorial photograph, bright natural light, premium magazine quality. Portrait of James Okafor, Writer — shelf life, storage methods, pantry organization","food storage | shelf life | how to store food","","","james-okafor-portrait-300w.webp 300w | james-okafor-portrait-600w.webp 600w",/images/optimized/authors/james-okafor/portrait-600w.avif
/authors/rebecca-torres/,/authors/rebecca-torres/,author,portrait,rebecca-torres-rd-portrait.webp,"Portrait of Rebecca Torres, RD, Editor-in-Chief & Food Safety Reviewer","Portrait of Rebecca Torres, RD, Editor-in-Chief & Food Safety Reviewer","","A bright modern organized kitchen a bright modern organized kitchen pantry. Editorial photograph, bright natural light, premium magazine quality.",600,600,webp,"Portrait of Rebecca Torres, RD, Editor-in-Chief & Food Safety Reviewer","A bright modern organized kitchen a bright modern organized kitchen pantry. Editorial photograph, bright natural light, premium magazine quality. Portrait of Rebecca Torres, RD, Editor-in-Chief & Food Safety Reviewer","food storage | shelf life | how to store food","","","rebecca-torres-rd-portrait-300w.webp 300w | rebecca-torres-rd-portrait-600w.webp 600w",/images/optimized/authors/rebecca-torres/portrait-600w.avif
/about/,/about/,about,hero,about-us-hero.avif,"A bright modern organized kitchen arranged in a bright, organized pantry","A bright modern organized kitchen arranged in a bright, organized pantry","","A bright modern organized kitchen a bright modern organized kitchen pantry. Editorial photograph, bright natural light, premium magazine quality.",1600,900,avif,"A bright modern organized kitchen arranged in a bright, organized pantry","A bright modern organized kitchen a bright modern organized kitchen pantry. Editorial photograph, bright natural light, premium magazine quality. A bright modern organized kitchen arranged in a bright, organized pantry","a-bright-modern-organized-kitchen storage | food storage | shelf life | how to store food","","","about-us-hero-400w.avif 400w | about-us-hero-800w.avif 800w | about-us-hero-1200w.avif 1200w | about-us-hero-1600w.avif 1600w",/images/optimized/about/hero-1600w.avif
/contact/,/contact/,contact,hero,contact-us-hero.avif,"A bright modern organized kitchen arranged in a bright, organized pantry — contact-us","A bright modern organized kitchen arranged in a bright, organized pantry — contact-us","A bright modern organized kitchen arranged in a bright,"A bright modern organized kitchen arranged in a bright, organized pantry — contact-us. Editorial photograph, bright natural light, premium magazine quality.","","A bright modern organized kitchen a bright modern organized kitchen pantry. Editorial photograph, bright natural light,"A bright modern organized kitchen arranged in a bright, organized pantry — contact-us","A bright modern organized kitchen arranged in a bright, organized pantry — contact-us. Editorial photograph, bright natural light, premium magazine quality.",900,avif,"A bright modern organized kitchen arranged in a bright, organized pantry","A bright modern organized kitchen a bright modern organized kitchen pantry. Editorial photograph, bright natural light, premium magazine quality. A bright modern organized kitchen arranged in a bright, organized pantry","a-bright-modern-organized-kitchen storage | food storage | shelf life | how to store food","","","contact-us-hero-400w.avif 400w | contact-us-hero-800w.avif 800w | contact-us-hero-1200w.avif 1200w | contact-us-hero-1600w.avif 1600w",/images/optimized/contact/hero-1600w.avif
/pantry-organization/how-to-label-pantry-containers/,/pantry-organization/how-to-label-pantry-containers/,pantryGuide,hero,label-pantry-containers-hero.avif,"A neatly organized pantry with labeled airtight containers","A neatly organized pantry with labeled airtight containers","Proper airtight storage keeps a neatly organized pantry fresh for months.","A neatly organized pantry a beautifully organized pantry with labeled clear glass containers woven baskets and natural wood shelves. Editorial photograph, bright natural light, pre",1600,900,avif,"A neatly organized pantry with labeled airtight containers","A neatly organized pantry a beautifully organized pantry with labeled clear glass containers woven baskets and natural wood shelves. Editorial photograph, bright natural light, pre A neatly organized pantry with labeled airtight containers","pantry labels | how to label containers | pantry label ideas | label maker pantry | date labels food | a-neatly-organized-pantry storage | food storage | shelf life","","","label-pantry-containers-hero-400w.avif 400w | label-pantry-containers-hero-800w.avif 800w | label-pantry-containers-hero-1200w.avif 1200w | label-pantry-containers-hero-1600w.avif 1600w",/images/optimized/pantry-organization/how-to-label-pantry-containers/hero-1600w.avif
/pantry-organization/how-to-label-pantry-containers/,/pantry-organization/how-to-label-pantry-containers/,pantryGuide,support,label-pantry-containers-support-1.avif,"A neatly organized pantry with labeled airtight containers — supporting storage detail","A neatly organized pantry with labeled airtight containers — supporting storage detail","Detail: a neatly organized pantry in airtight storage.","A neatly organized pantry a beautifully organized pantry with labeled clear glass containers woven baskets and natural wood shelves. Editorial photograph, bright natural light, pre",1200,675,avif,"A neatly organized pantry with labeled airtight containers — supporting storage detail","A neatly organized pantry a beautifully organized pantry with labeled clear glass containers woven baskets and natural wood shelves. Editorial photograph, bright natural light, pre A neatly organized pantry with labeled airtight containers — supporting storage detail","pantry labels | how to label containers | pantry label ideas | label maker pantry | date labels food | a-neatly-organized-pantry storage | food storage | shelf life","","","label-pantry-containers-support-1-400w.avif 400w | label-pantry-containers-support-1-800w.avif 800w | label-pantry-containers-support-1-1200w.avif 1200w",/images/optimized/pantry-organization/how-to-label-pantry-containers/support-1200w.avif
/pantry-organization/how-to-label-pantry-containers/,/pantry-organization/how-to-label-pantry-containers/,pantryGuide,pinterest,label-pantry-containers-pinterest.webp,"How to Label Pantry Containers: Shelf Life & Storage Guide","A neatly organized pantry with labeled airtight containers","","A neatly organized pantry a beautifully organized pantry with labeled clear glass containers woven baskets and natural wood shelves. Editorial photograph, bright natural light, pre",1000,1500,webp,"How to Label Pantry Containers: Shelf Life & Storage Guide","A neatly organized pantry a beautifully organized pantry with labeled clear glass containers woven baskets and natural wood shelves. Editorial photograph, bright natural light, pre A neatly organized pantry with labeled airtight containers","pantry labels | how to label containers | pantry label ideas | label maker pantry | date labels food | a-neatly-organized-pantry storage | food storage | shelf life","How to Label Pantry Containers — Pin It","A neatly organized pantry with labeled airtight containers. Save this shelf-life guide for later. https://homestorageguide.com/pantry-organization/how-to-label-pantry-containers/ #FoodStorage #Pantry #ShelfLife","",/images/optimized/pantry-organization/how-to-label-pantry-containers/pin-1600w.avif
/pantry-organization/how-to-label-pantry-containers/,/pantry-organization/how-to-label-pantry-containers/,pantryGuide,og,label-pantry-containers-og.jpg,"A neatly organized pantry with labeled airtight containers","A neatly organized pantry with labeled airtight containers","","A neatly organized pantry a beautifully organized pantry with labeled clear glass containers woven baskets and natural wood shelves. Editorial photograph, bright natural light, pre",1200,630,jpg,"A neatly organized pantry with labeled airtight containers","A neatly organized pantry a beautifully organized pantry with labeled clear glass containers woven baskets and natural wood shelves. Editorial photograph, bright natural light, pre A neatly organized pantry with labeled airtight containers","pantry labels | how to label containers | pantry label ideas | label maker pantry | date labels food | a-neatly-organized-pantry storage | food storage | shelf life","","","",/images/optimized/pantry-organization/how-to-label-pantry-containers/og-1600w.avif
/pantry-organization/how-to-organize-your-pantry/,/pantry-organization/how-to-organize-your-pantry/,pantryGuide,hero,organize-pantry-hero.avif,"A neatly organized pantry with labeled airtight containers — organize-pantry","A neatly organized pantry with labeled airtight containers — organize-pantry","Proper airtight storage keeps a neatly organized pantry fresh for months.","A neatly organized pantry with labeled airtight containers — organize-pantry. Editorial photograph, bright natural light, premium magazine quality.", bright natural light, pre",1600,"A neatly organized pantry with labeled airtight containers — organize-pantry","A neatly organized pantry with labeled airtight containers — organize-pantry. Editorial photograph, bright natural light, premium magazine quality.","A neatly organized pantry with labeled airtight containers","A neatly organized pantry a beautifully organized pantry with labeled clear glass containers woven baskets and natural wood shelves. Editorial photograph, bright natural light, pre A neatly organized pantry with labeled airtight containers","how to organize a pantry | pantry organization step by step | pantry declutter | pantry zones | pantry reset | a-neatly-organized-pantry storage | food storage | shelf life","","","organize-pantry-hero-400w.avif 400w | organize-pantry-hero-800w.avif 800w | organize-pantry-hero-1200w.avif 1200w | organize-pantry-hero-1600w.avif 1600w",/images/optimized/pantry-organization/how-to-organize-your-pantry/hero-1600w.avif
/pantry-organization/how-to-organize-your-pantry/,/pantry-organization/how-to-organize-your-pantry/,pantryGuide,support,organize-pantry-support-1.avif,"A neatly organized pantry with labeled airtight containers — supporting storage detail — organize-pantry","A neatly organized pantry with labeled airtight containers — supporting storage detail — organize-pantry","Detail: a neatly organized pantry in airtight storage.","A neatly organized pantry with labeled airtight containers — supporting storage detail — organize-pantry. Editorial photograph, bright natural light, premium magazine quality.", bright natural light, pre",1200,"A neatly organized pantry with labeled airtight containers — supporting storage detail — organize-pantry","A neatly organized pantry with labeled airtight containers — supporting storage detail — organize-pantry. Editorial photograph, bright natural light, premium magazine quality.","A neatly organized pantry with labeled airtight containers — supporting storage detail","A neatly organized pantry a beautifully organized pantry with labeled clear glass containers woven baskets and natural wood shelves. Editorial photograph, bright natural light, pre A neatly organized pantry with labeled airtight containers — supporting storage detail","how to organize a pantry | pantry organization step by step | pantry declutter | pantry zones | pantry reset | a-neatly-organized-pantry storage | food storage | shelf life","","","organize-pantry-support-1-400w.avif 400w | organize-pantry-support-1-800w.avif 800w | organize-pantry-support-1-1200w.avif 1200w",/images/optimized/pantry-organization/how-to-organize-your-pantry/support-1200w.avif
/pantry-organization/how-to-organize-your-pantry/,/pantry-organization/how-to-organize-your-pantry/,pantryGuide,pinterest,organize-pantry-pinterest.webp,"A neatly organized pantry with labeled airtight containers — organize-pantry","A neatly organized pantry with labeled airtight containers — organize-pantry","","A neatly organized pantry with labeled airtight containers — organize-pantry. Editorial photograph, bright natural light, premium magazine quality.", bright natural light, pre",1000,"A neatly organized pantry with labeled airtight containers — organize-pantry","A neatly organized pantry with labeled airtight containers — organize-pantry. Editorial photograph, bright natural light, premium magazine quality.","How to Organize Your Pantry: Shelf Life & Storage Guide","A neatly organized pantry a beautifully organized pantry with labeled clear glass containers woven baskets and natural wood shelves. Editorial photograph,"A neatly organized pantry with labeled airtight containers — organize-pantry. Save this shelf-life guide for later. https://homestorageguide.com/pantry-organization/how-to-organize-your-pantry/ #FoodStorage", pre A neatly organized pantry with labeled airtight containers","how to organize a pantry | pantry organization step by step | pantry declutter | pantry zones | pantry reset | a-neatly-organized-pantry storage | food storage | shelf life","How to Organize Your Pantry — Pin It","A neatly organized pantry with labeled airtight containers. Save this shelf-life guide for later. https://homestorageguide.com/pantry-organization/how-to-organize-your-pantry/ #FoodStorage #Pantry #ShelfLife","",/images/optimized/pantry-organization/how-to-organize-your-pantry/pin-1600w.avif
/pantry-organization/how-to-organize-your-pantry/,/pantry-organization/how-to-organize-your-pantry/,pantryGuide,og,organize-pantry-og.jpg,"A neatly organized pantry with labeled airtight containers — organize-pantry","A neatly organized pantry with labeled airtight containers — organize-pantry","","A neatly organized pantry with labeled airtight containers — organize-pantry. Editorial photograph, bright natural light, premium magazine quality.", bright natural light, pre",1200,"A neatly organized pantry with labeled airtight containers — organize-pantry","A neatly organized pantry with labeled airtight containers — organize-pantry. Editorial photograph, bright natural light, premium magazine quality.","A neatly organized pantry with labeled airtight containers","A neatly organized pantry a beautifully organized pantry with labeled clear glass containers woven baskets and natural wood shelves. Editorial photograph, bright natural light, pre A neatly organized pantry with labeled airtight containers","how to organize a pantry | pantry organization step by step | pantry declutter | pantry zones | pantry reset | a-neatly-organized-pantry storage | food storage | shelf life","","","",/images/optimized/pantry-organization/how-to-organize-your-pantry/og-1600w.avif
/pantry-organization/how-to-store-pantry-staples/,/pantry-organization/how-to-store-pantry-staples/,pantryGuide,hero,store-pantry-staples-hero.avif,"A neatly organized pantry with labeled airtight containers — store-pantry-staples","A neatly organized pantry with labeled airtight containers — store-pantry-staples","Proper airtight storage keeps a neatly organized pantry fresh for months.","A neatly organized pantry with labeled airtight containers — store-pantry-staples. Editorial photograph, bright natural light, premium magazine quality.", bright natural light, pre",1600,"A neatly organized pantry with labeled airtight containers — store-pantry-staples","A neatly organized pantry with labeled airtight containers — store-pantry-staples. Editorial photograph, bright natural light, premium magazine quality.","A neatly organized pantry with labeled airtight containers","A neatly organized pantry a beautifully organized pantry with labeled clear glass containers woven baskets and natural wood shelves. Editorial photograph, bright natural light, pre A neatly organized pantry with labeled airtight containers","how to store pantry staples | storing rice and flour | pantry staple storage | food storage basics | dry goods storage | a-neatly-organized-pantry storage | food storage | shelf life","","","store-pantry-staples-hero-400w.avif 400w | store-pantry-staples-hero-800w.avif 800w | store-pantry-staples-hero-1200w.avif 1200w | store-pantry-staples-hero-1600w.avif 1600w",/images/optimized/pantry-organization/how-to-store-pantry-staples/hero-1600w.avif
/pantry-organization/how-to-store-pantry-staples/,/pantry-organization/how-to-store-pantry-staples/,pantryGuide,support,store-pantry-staples-support-1.avif,"A neatly organized pantry with labeled airtight containers — supporting storage detail — store-pantry-staples","A neatly organized pantry with labeled airtight containers — supporting storage detail — store-pantry-staples","Detail: a neatly organized pantry in airtight storage.","A neatly organized pantry with labeled airtight containers — supporting storage detail — store-pantry-staples. Editorial photograph, bright natural light, premium magazine quality.", bright natural light, pre",1200,"A neatly organized pantry with labeled airtight containers — supporting storage detail — store-pantry-staples","A neatly organized pantry with labeled airtight containers — supporting storage detail — store-pantry-staples. Editorial photograph, bright natural light, premium magazine quality.","A neatly organized pantry with labeled airtight containers — supporting storage detail","A neatly organized pantry a beautifully organized pantry with labeled clear glass containers woven baskets and natural wood shelves. Editorial photograph, bright natural light, pre A neatly organized pantry with labeled airtight containers — supporting storage detail","how to store pantry staples | storing rice and flour | pantry staple storage | food storage basics | dry goods storage | a-neatly-organized-pantry storage | food storage | shelf life","","","store-pantry-staples-support-1-400w.avif 400w | store-pantry-staples-support-1-800w.avif 800w | store-pantry-staples-support-1-1200w.avif 1200w",/images/optimized/pantry-organization/how-to-store-pantry-staples/support-1200w.avif
/pantry-organization/how-to-store-pantry-staples/,/pantry-organization/how-to-store-pantry-staples/,pantryGuide,pinterest,store-pantry-staples-pinterest.webp,"A neatly organized pantry with labeled airtight containers — store-pantry-staples","A neatly organized pantry with labeled airtight containers — store-pantry-staples","","A neatly organized pantry with labeled airtight containers — store-pantry-staples. Editorial photograph, bright natural light, premium magazine quality.", bright natural light, pre",1000,"A neatly organized pantry with labeled airtight containers — store-pantry-staples","A neatly organized pantry with labeled airtight containers — store-pantry-staples. Editorial photograph, bright natural light, premium magazine quality.","How to Store Pantry Staples: Shelf Life & Storage Guide","A neatly organized pantry a beautifully organized pantry with labeled clear glass containers woven baskets and natural wood shelves. Editorial photograph,"A neatly organized pantry with labeled airtight containers — store-pantry-staples. Save this shelf-life guide for later. https://homestorageguide.com/pantry-organization/how-to-store-pantry-staples/ #FoodStorage", pre A neatly organized pantry with labeled airtight containers","how to store pantry staples | storing rice and flour | pantry staple storage | food storage basics | dry goods storage | a-neatly-organized-pantry storage | food storage | shelf life","How to Store Pantry Staples — Pin It","A neatly organized pantry with labeled airtight containers. Save this shelf-life guide for later. https://homestorageguide.com/pantry-organization/how-to-store-pantry-staples/ #FoodStorage #Pantry #ShelfLife","",/images/optimized/pantry-organization/how-to-store-pantry-staples/pin-1600w.avif
/pantry-organization/how-to-store-pantry-staples/,/pantry-organization/how-to-store-pantry-staples/,pantryGuide,og,store-pantry-staples-og.jpg,"A neatly organized pantry with labeled airtight containers — store-pantry-staples","A neatly organized pantry with labeled airtight containers — store-pantry-staples","","A neatly organized pantry with labeled airtight containers — store-pantry-staples. Editorial photograph, bright natural light, premium magazine quality.", bright natural light, pre",1200,"A neatly organized pantry with labeled airtight containers — store-pantry-staples","A neatly organized pantry with labeled airtight containers — store-pantry-staples. Editorial photograph, bright natural light, premium magazine quality.","A neatly organized pantry with labeled airtight containers","A neatly organized pantry a beautifully organized pantry with labeled clear glass containers woven baskets and natural wood shelves. Editorial photograph, bright natural light, pre A neatly organized pantry with labeled airtight containers","how to store pantry staples | storing rice and flour | pantry staple storage | food storage basics | dry goods storage | a-neatly-organized-pantry storage | food storage | shelf life","","","",/images/optimized/pantry-organization/how-to-store-pantry-staples/og-1600w.avif
/pantry-organization/pantry-container-guide/,/pantry-organization/pantry-container-guide/,pantryGuide,hero,best-pantry-containers-hero.avif,"A neatly organized pantry with labeled airtight containers — best-pantry-containers","A neatly organized pantry with labeled airtight containers — best-pantry-containers","Proper airtight storage keeps a neatly organized pantry fresh for months.","A neatly organized pantry with labeled airtight containers — best-pantry-containers. Editorial photograph, bright natural light, premium magazine quality.", bright natural light, pre",1600,"A neatly organized pantry with labeled airtight containers — best-pantry-containers","A neatly organized pantry with labeled airtight containers — best-pantry-containers. Editorial photograph, bright natural light, premium magazine quality.","A neatly organized pantry with labeled airtight containers","A neatly organized pantry a beautifully organized pantry with labeled clear glass containers woven baskets and natural wood shelves. Editorial photograph, bright natural light, pre A neatly organized pantry with labeled airtight containers","best pantry containers | pantry storage containers | glass vs plastic containers | airtight containers for pantry | flour storage containers | a-neatly-organized-pantry storage | food storage | shelf life","","","best-pantry-containers-hero-400w.avif 400w | best-pantry-containers-hero-800w.avif 800w | best-pantry-containers-hero-1200w.avif 1200w | best-pantry-containers-hero-1600w.avif 1600w",/images/optimized/pantry-organization/pantry-container-guide/hero-1600w.avif
/pantry-organization/pantry-container-guide/,/pantry-organization/pantry-container-guide/,pantryGuide,support,best-pantry-containers-support-1.avif,"A neatly organized pantry with labeled airtight containers — supporting storage detail — best-pantry-containers","A neatly organized pantry with labeled airtight containers — supporting storage detail — best-pantry-containers","Detail: a neatly organized pantry in airtight storage.","A neatly organized pantry with labeled airtight containers — supporting storage detail — best-pantry-containers. Editorial photograph, bright natural light, premium magazine qualit", bright natural light, pre",1200,"A neatly organized pantry with labeled airtight containers — supporting storage detail — best-pantry-containers","A neatly organized pantry with labeled airtight containers — supporting storage detail — best-pantry-containers. Editorial photograph, bright natural light, premium magazine qualit","A neatly organized pantry with labeled airtight containers — supporting storage detail","A neatly organized pantry a beautifully organized pantry with labeled clear glass containers woven baskets and natural wood shelves. Editorial photograph, bright natural light, pre A neatly organized pantry with labeled airtight containers — supporting storage detail","best pantry containers | pantry storage containers | glass vs plastic containers | airtight containers for pantry | flour storage containers | a-neatly-organized-pantry storage | food storage | shelf life","","","best-pantry-containers-support-1-400w.avif 400w | best-pantry-containers-support-1-800w.avif 800w | best-pantry-containers-support-1-1200w.avif 1200w",/images/optimized/pantry-organization/pantry-container-guide/support-1200w.avif
/pantry-organization/pantry-container-guide/,/pantry-organization/pantry-container-guide/,pantryGuide,pinterest,best-pantry-containers-pinterest.webp,"A neatly organized pantry with labeled airtight containers — best-pantry-containers","A neatly organized pantry with labeled airtight containers — best-pantry-containers","","A neatly organized pantry with labeled airtight containers — best-pantry-containers. Editorial photograph, bright natural light, premium magazine quality.", bright natural light, pre",1000,"A neatly organized pantry with labeled airtight containers — best-pantry-containers","A neatly organized pantry with labeled airtight containers — best-pantry-containers. Editorial photograph, bright natural light, premium magazine quality.","Best Pantry Containers: Shelf Life & Storage Guide","A neatly organized pantry a beautifully organized pantry with labeled clear glass containers woven baskets and natural wood shelves. Editorial photograph,"A neatly organized pantry with labeled airtight containers — best-pantry-containers. Save this shelf-life guide for later. https://homestorageguide.com/pantry-organization/pantry-container-guide/ #FoodStorage", pre A neatly organized pantry with labeled airtight containers","best pantry containers | pantry storage containers | glass vs plastic containers | airtight containers for pantry | flour storage containers | a-neatly-organized-pantry storage | food storage | shelf life","Best Pantry Containers — Pin It","A neatly organized pantry with labeled airtight containers. Save this shelf-life guide for later. https://homestorageguide.com/pantry-organization/pantry-container-guide/ #FoodStorage #Pantry #ShelfLife","",/images/optimized/pantry-organization/pantry-container-guide/pin-1600w.avif
/pantry-organization/pantry-container-guide/,/pantry-organization/pantry-container-guide/,pantryGuide,og,best-pantry-containers-og.jpg,"A neatly organized pantry with labeled airtight containers — best-pantry-containers","A neatly organized pantry with labeled airtight containers — best-pantry-containers","","A neatly organized pantry with labeled airtight containers — best-pantry-containers. Editorial photograph, bright natural light, premium magazine quality.", bright natural light, pre",1200,"A neatly organized pantry with labeled airtight containers — best-pantry-containers","A neatly organized pantry with labeled airtight containers — best-pantry-containers. Editorial photograph, bright natural light, premium magazine quality.","A neatly organized pantry with labeled airtight containers","A neatly organized pantry a beautifully organized pantry with labeled clear glass containers woven baskets and natural wood shelves. Editorial photograph, bright natural light, pre A neatly organized pantry with labeled airtight containers","best pantry containers | pantry storage containers | glass vs plastic containers | airtight containers for pantry | flour storage containers | a-neatly-organized-pantry storage | food storage | shelf life","","","",/images/optimized/pantry-organization/pantry-container-guide/og-1600w.avif
/pantry-organization/pantry-inventory-checklist/,/pantry-organization/pantry-inventory-checklist/,pantryGuide,hero,pantry-inventory-checklist-hero.avif,"A neatly organized pantry with labeled airtight containers — pantry-inventory-checklist","A neatly organized pantry with labeled airtight containers — pantry-inventory-checklist","Proper airtight storage keeps a neatly organized pantry fresh for months.","A neatly organized pantry with labeled airtight containers — pantry-inventory-checklist. Editorial photograph, bright natural light, premium magazine quality.", bright natural light, pre",1600,"A neatly organized pantry with labeled airtight containers — pantry-inventory-checklist","A neatly organized pantry with labeled airtight containers — pantry-inventory-checklist. Editorial photograph, bright natural light, premium magazine quality.","A neatly organized pantry with labeled airtight containers","A neatly organized pantry a beautifully organized pantry with labeled clear glass containers woven baskets and natural wood shelves. Editorial photograph, bright natural light, pre A neatly organized pantry with labeled airtight containers","pantry inventory | pantry checklist | pantry inventory list | printable pantry checklist | food inventory system | a-neatly-organized-pantry storage | food storage | shelf life","","","pantry-inventory-checklist-hero-400w.avif 400w | pantry-inventory-checklist-hero-800w.avif 800w | pantry-inventory-checklist-hero-1200w.avif 1200w | pantry-inventory-checklist-hero-1600w.avif 1600w",/images/optimized/pantry-organization/pantry-inventory-checklist/hero-1600w.avif
/pantry-organization/pantry-inventory-checklist/,/pantry-organization/pantry-inventory-checklist/,pantryGuide,support,pantry-inventory-checklist-support-1.avif,"A neatly organized pantry with labeled airtight containers — supporting storage detail — pantry-inventory-checklist","A neatly organized pantry with labeled airtight containers — supporting storage detail — pantry-inventory-checklist","Detail: a neatly organized pantry in airtight storage.","A neatly organized pantry with labeled airtight containers — supporting storage detail — pantry-inventory-checklist. Editorial photograph, bright natural light, premium magazine qu", bright natural light, pre",1200,"A neatly organized pantry with labeled airtight containers — supporting storage detail — pantry-inventory-checklist","A neatly organized pantry with labeled airtight containers — supporting storage detail — pantry-inventory-checklist. Editorial photograph, bright natural light, premium magazine qu","A neatly organized pantry with labeled airtight containers — supporting storage detail","A neatly organized pantry a beautifully organized pantry with labeled clear glass containers woven baskets and natural wood shelves. Editorial photograph, bright natural light, pre A neatly organized pantry with labeled airtight containers — supporting storage detail","pantry inventory | pantry checklist | pantry inventory list | printable pantry checklist | food inventory system | a-neatly-organized-pantry storage | food storage | shelf life","","","pantry-inventory-checklist-support-1-400w.avif 400w | pantry-inventory-checklist-support-1-800w.avif 800w | pantry-inventory-checklist-support-1-1200w.avif 1200w",/images/optimized/pantry-organization/pantry-inventory-checklist/support-1200w.avif
/pantry-organization/pantry-inventory-checklist/,/pantry-organization/pantry-inventory-checklist/,pantryGuide,pinterest,pantry-inventory-checklist-pinterest.webp,"A neatly organized pantry with labeled airtight containers — pantry-inventory-checklist","A neatly organized pantry with labeled airtight containers — pantry-inventory-checklist","","A neatly organized pantry with labeled airtight containers — pantry-inventory-checklist. Editorial photograph, bright natural light, premium magazine quality.", bright natural light, pre",1000,"A neatly organized pantry with labeled airtight containers — pantry-inventory-checklist","A neatly organized pantry with labeled airtight containers — pantry-inventory-checklist. Editorial photograph, bright natural light, premium magazine quality.","Pantry Inventory Checklist: Shelf Life & Storage Guide","A neatly organized pantry a beautifully organized pantry with labeled clear glass containers woven baskets and natural wood shelves. Editorial photograph,"A neatly organized pantry with labeled airtight containers — pantry-inventory-checklist. Save this shelf-life guide for later. https://homestorageguide.com/pantry-organization/pantry-inventory-checklist/ #FoodStorage", pre A neatly organized pantry with labeled airtight containers","pantry inventory | pantry checklist | pantry inventory list | printable pantry checklist | food inventory system | a-neatly-organized-pantry storage | food storage | shelf life","Pantry Inventory Checklist — Pin It","A neatly organized pantry with labeled airtight containers. Save this shelf-life guide for later. https://homestorageguide.com/pantry-organization/pantry-inventory-checklist/ #FoodStorage #Pantry #ShelfLife","",/images/optimized/pantry-organization/pantry-inventory-checklist/pin-1600w.avif
/pantry-organization/pantry-inventory-checklist/,/pantry-organization/pantry-inventory-checklist/,pantryGuide,og,pantry-inventory-checklist-og.jpg,"A neatly organized pantry with labeled airtight containers — pantry-inventory-checklist","A neatly organized pantry with labeled airtight containers — pantry-inventory-checklist","","A neatly organized pantry with labeled airtight containers — pantry-inventory-checklist. Editorial photograph, bright natural light, premium magazine quality.", bright natural light, pre",1200,"A neatly organized pantry with labeled airtight containers — pantry-inventory-checklist","A neatly organized pantry with labeled airtight containers — pantry-inventory-checklist. Editorial photograph, bright natural light, premium magazine quality.","A neatly organized pantry with labeled airtight containers","A neatly organized pantry a beautifully organized pantry with labeled clear glass containers woven baskets and natural wood shelves. Editorial photograph, bright natural light, pre A neatly organized pantry with labeled airtight containers","pantry inventory | pantry checklist | pantry inventory list | printable pantry checklist | food inventory system | a-neatly-organized-pantry storage | food storage | shelf life","","","",/images/optimized/pantry-organization/pantry-inventory-checklist/og-1600w.avif
/pantry-organization/pantry-rotation-system/,/pantry-organization/pantry-rotation-system/,pantryGuide,hero,pantry-rotation-system-hero.avif,"A neatly organized pantry with labeled airtight containers — pantry-rotation-system","A neatly organized pantry with labeled airtight containers — pantry-rotation-system","Proper airtight storage keeps a neatly organized pantry fresh for months.","A neatly organized pantry with labeled airtight containers — pantry-rotation-system. Editorial photograph, bright natural light, premium magazine quality.", bright natural light, pre",1600,"A neatly organized pantry with labeled airtight containers — pantry-rotation-system","A neatly organized pantry with labeled airtight containers — pantry-rotation-system. Editorial photograph, bright natural light, premium magazine quality.","A neatly organized pantry with labeled airtight containers","A neatly organized pantry a beautifully organized pantry with labeled clear glass containers woven baskets and natural wood shelves. Editorial photograph, bright natural light, pre A neatly organized pantry with labeled airtight containers","pantry rotation | food rotation system | pantry stock rotation | FIFO system | rotate canned goods | a-neatly-organized-pantry storage | food storage | shelf life","","","pantry-rotation-system-hero-400w.avif 400w | pantry-rotation-system-hero-800w.avif 800w | pantry-rotation-system-hero-1200w.avif 1200w | pantry-rotation-system-hero-1600w.avif 1600w",/images/optimized/pantry-organization/pantry-rotation-system/hero-1600w.avif
/pantry-organization/pantry-rotation-system/,/pantry-organization/pantry-rotation-system/,pantryGuide,support,pantry-rotation-system-support-1.avif,"A neatly organized pantry with labeled airtight containers — supporting storage detail — pantry-rotation-system","A neatly organized pantry with labeled airtight containers — supporting storage detail — pantry-rotation-system","Detail: a neatly organized pantry in airtight storage.","A neatly organized pantry with labeled airtight containers — supporting storage detail — pantry-rotation-system. Editorial photograph, bright natural light, premium magazine qualit", bright natural light, pre",1200,"A neatly organized pantry with labeled airtight containers — supporting storage detail — pantry-rotation-system","A neatly organized pantry with labeled airtight containers — supporting storage detail — pantry-rotation-system. Editorial photograph, bright natural light, premium magazine qualit","A neatly organized pantry with labeled airtight containers — supporting storage detail","A neatly organized pantry a beautifully organized pantry with labeled clear glass containers woven baskets and natural wood shelves. Editorial photograph, bright natural light, pre A neatly organized pantry with labeled airtight containers — supporting storage detail","pantry rotation | food rotation system | pantry stock rotation | FIFO system | rotate canned goods | a-neatly-organized-pantry storage | food storage | shelf life","","","pantry-rotation-system-support-1-400w.avif 400w | pantry-rotation-system-support-1-800w.avif 800w | pantry-rotation-system-support-1-1200w.avif 1200w",/images/optimized/pantry-organization/pantry-rotation-system/support-1200w.avif
/pantry-organization/pantry-rotation-system/,/pantry-organization/pantry-rotation-system/,pantryGuide,pinterest,pantry-rotation-system-pinterest.webp,"A neatly organized pantry with labeled airtight containers — pantry-rotation-system","A neatly organized pantry with labeled airtight containers — pantry-rotation-system","","A neatly organized pantry with labeled airtight containers — pantry-rotation-system. Editorial photograph, bright natural light, premium magazine quality.", bright natural light, pre",1000,"A neatly organized pantry with labeled airtight containers — pantry-rotation-system","A neatly organized pantry with labeled airtight containers — pantry-rotation-system. Editorial photograph, bright natural light, premium magazine quality.","Pantry Rotation System: Shelf Life & Storage Guide","A neatly organized pantry a beautifully organized pantry with labeled clear glass containers woven baskets and natural wood shelves. Editorial photograph,"A neatly organized pantry with labeled airtight containers — pantry-rotation-system. Save this shelf-life guide for later. https://homestorageguide.com/pantry-organization/pantry-rotation-system/ #FoodStorage", pre A neatly organized pantry with labeled airtight containers","pantry rotation | food rotation system | pantry stock rotation | FIFO system | rotate canned goods | a-neatly-organized-pantry storage | food storage | shelf life","Pantry Rotation System — Pin It","A neatly organized pantry with labeled airtight containers. Save this shelf-life guide for later. https://homestorageguide.com/pantry-organization/pantry-rotation-system/ #FoodStorage #Pantry #ShelfLife","",/images/optimized/pantry-organization/pantry-rotation-system/pin-1600w.avif
/pantry-organization/pantry-rotation-system/,/pantry-organization/pantry-rotation-system/,pantryGuide,og,pantry-rotation-system-og.jpg,"A neatly organized pantry with labeled airtight containers — pantry-rotation-system","A neatly organized pantry with labeled airtight containers — pantry-rotation-system","","A neatly organized pantry with labeled airtight containers — pantry-rotation-system. Editorial photograph, bright natural light, premium magazine quality.", bright natural light, pre",1200,"A neatly organized pantry with labeled airtight containers — pantry-rotation-system","A neatly organized pantry with labeled airtight containers — pantry-rotation-system. Editorial photograph, bright natural light, premium magazine quality.","A neatly organized pantry with labeled airtight containers","A neatly organized pantry a beautifully organized pantry with labeled clear glass containers woven baskets and natural wood shelves. Editorial photograph, bright natural light, pre A neatly organized pantry with labeled airtight containers","pantry rotation | food rotation system | pantry stock rotation | FIFO system | rotate canned goods | a-neatly-organized-pantry storage | food storage | shelf life","","","",/images/optimized/pantry-organization/pantry-rotation-system/og-1600w.avif
/pantry-organization/pantry-zones-and-layout/,/pantry-organization/pantry-zones-and-layout/,pantryGuide,hero,pantry-zones-layout-hero.avif,"A neatly organized pantry with labeled airtight containers — pantry-zones-layout","A neatly organized pantry with labeled airtight containers — pantry-zones-layout","Proper airtight storage keeps a neatly organized pantry fresh for months.","A neatly organized pantry with labeled airtight containers — pantry-zones-layout. Editorial photograph, bright natural light, premium magazine quality.", bright natural light, pre",1600,"A neatly organized pantry with labeled airtight containers — pantry-zones-layout","A neatly organized pantry with labeled airtight containers — pantry-zones-layout. Editorial photograph, bright natural light, premium magazine quality.","A neatly organized pantry with labeled airtight containers","A neatly organized pantry a beautifully organized pantry with labeled clear glass containers woven baskets and natural wood shelves. Editorial photograph, bright natural light, pre A neatly organized pantry with labeled airtight containers","pantry zones | pantry layout | how to arrange a pantry | pantry shelf organization | pantry categories | a-neatly-organized-pantry storage | food storage | shelf life","","","pantry-zones-layout-hero-400w.avif 400w | pantry-zones-layout-hero-800w.avif 800w | pantry-zones-layout-hero-1200w.avif 1200w | pantry-zones-layout-hero-1600w.avif 1600w",/images/optimized/pantry-organization/pantry-zones-and-layout/hero-1600w.avif
/pantry-organization/pantry-zones-and-layout/,/pantry-organization/pantry-zones-and-layout/,pantryGuide,support,pantry-zones-layout-support-1.avif,"A neatly organized pantry with labeled airtight containers — supporting storage detail — pantry-zones-layout","A neatly organized pantry with labeled airtight containers — supporting storage detail — pantry-zones-layout","Detail: a neatly organized pantry in airtight storage.","A neatly organized pantry with labeled airtight containers — supporting storage detail — pantry-zones-layout. Editorial photograph, bright natural light, premium magazine quality.", bright natural light, pre",1200,"A neatly organized pantry with labeled airtight containers — supporting storage detail — pantry-zones-layout","A neatly organized pantry with labeled airtight containers — supporting storage detail — pantry-zones-layout. Editorial photograph, bright natural light, premium magazine quality.","A neatly organized pantry with labeled airtight containers — supporting storage detail","A neatly organized pantry a beautifully organized pantry with labeled clear glass containers woven baskets and natural wood shelves. Editorial photograph, bright natural light, pre A neatly organized pantry with labeled airtight containers — supporting storage detail","pantry zones | pantry layout | how to arrange a pantry | pantry shelf organization | pantry categories | a-neatly-organized-pantry storage | food storage | shelf life","","","pantry-zones-layout-support-1-400w.avif 400w | pantry-zones-layout-support-1-800w.avif 800w | pantry-zones-layout-support-1-1200w.avif 1200w",/images/optimized/pantry-organization/pantry-zones-and-layout/support-1200w.avif
/pantry-organization/pantry-zones-and-layout/,/pantry-organization/pantry-zones-and-layout/,pantryGuide,pinterest,pantry-zones-layout-pinterest.webp,"A neatly organized pantry with labeled airtight containers — pantry-zones-layout","A neatly organized pantry with labeled airtight containers — pantry-zones-layout","","A neatly organized pantry with labeled airtight containers — pantry-zones-layout. Editorial photograph, bright natural light, premium magazine quality.", bright natural light, pre",1000,"A neatly organized pantry with labeled airtight containers — pantry-zones-layout","A neatly organized pantry with labeled airtight containers — pantry-zones-layout. Editorial photograph, bright natural light, premium magazine quality.","Pantry Zones and Layout: Shelf Life & Storage Guide","A neatly organized pantry a beautifully organized pantry with labeled clear glass containers woven baskets and natural wood shelves. Editorial photograph,"A neatly organized pantry with labeled airtight containers — pantry-zones-layout. Save this shelf-life guide for later. https://homestorageguide.com/pantry-organization/pantry-zones-and-layout/ #FoodStorage", pre A neatly organized pantry with labeled airtight containers","pantry zones | pantry layout | how to arrange a pantry | pantry shelf organization | pantry categories | a-neatly-organized-pantry storage | food storage | shelf life","Pantry Zones and Layout — Pin It","A neatly organized pantry with labeled airtight containers. Save this shelf-life guide for later. https://homestorageguide.com/pantry-organization/pantry-zones-and-layout/ #FoodStorage #Pantry #ShelfLife","",/images/optimized/pantry-organization/pantry-zones-and-layout/pin-1600w.avif
/pantry-organization/pantry-zones-and-layout/,/pantry-organization/pantry-zones-and-layout/,pantryGuide,og,pantry-zones-layout-og.jpg,"A neatly organized pantry with labeled airtight containers — pantry-zones-layout","A neatly organized pantry with labeled airtight containers — pantry-zones-layout","","A neatly organized pantry with labeled airtight containers — pantry-zones-layout. Editorial photograph, bright natural light, premium magazine quality.", bright natural light, pre",1200,"A neatly organized pantry with labeled airtight containers — pantry-zones-layout","A neatly organized pantry with labeled airtight containers — pantry-zones-layout. Editorial photograph, bright natural light, premium magazine quality.","A neatly organized pantry with labeled airtight containers","A neatly organized pantry a beautifully organized pantry with labeled clear glass containers woven baskets and natural wood shelves. Editorial photograph, bright natural light, pre A neatly organized pantry with labeled airtight containers","pantry zones | pantry layout | how to arrange a pantry | pantry shelf organization | pantry categories | a-neatly-organized-pantry storage | food storage | shelf life","","","",/images/optimized/pantry-organization/pantry-zones-and-layout/og-1600w.avif
/pantry-organization/seasonal-pantry-cleanout/,/pantry-organization/seasonal-pantry-cleanout/,pantryGuide,hero,seasonal-pantry-cleanout-hero.avif,"A neatly organized pantry with labeled airtight containers — seasonal-pantry-cleanout","A neatly organized pantry with labeled airtight containers — seasonal-pantry-cleanout","Proper airtight storage keeps a neatly organized pantry fresh for months.","A neatly organized pantry with labeled airtight containers — seasonal-pantry-cleanout. Editorial photograph, bright natural light, premium magazine quality.", bright natural light, pre",1600,"A neatly organized pantry with labeled airtight containers — seasonal-pantry-cleanout","A neatly organized pantry with labeled airtight containers — seasonal-pantry-cleanout. Editorial photograph, bright natural light, premium magazine quality.","A neatly organized pantry with labeled airtight containers","A neatly organized pantry a beautifully organized pantry with labeled clear glass containers woven baskets and natural wood shelves. Editorial photograph, bright natural light, pre A neatly organized pantry with labeled airtight containers","pantry cleanout | seasonal pantry cleaning | pantry declutter checklist | spring clean pantry | pantry reset | a-neatly-organized-pantry storage | food storage | shelf life","","","seasonal-pantry-cleanout-hero-400w.avif 400w | seasonal-pantry-cleanout-hero-800w.avif 800w | seasonal-pantry-cleanout-hero-1200w.avif 1200w | seasonal-pantry-cleanout-hero-1600w.avif 1600w",/images/optimized/pantry-organization/seasonal-pantry-cleanout/hero-1600w.avif
/pantry-organization/seasonal-pantry-cleanout/,/pantry-organization/seasonal-pantry-cleanout/,pantryGuide,support,seasonal-pantry-cleanout-support-1.avif,"A neatly organized pantry with labeled airtight containers — supporting storage detail — seasonal-pantry-cleanout","A neatly organized pantry with labeled airtight containers — supporting storage detail — seasonal-pantry-cleanout","Detail: a neatly organized pantry in airtight storage.","A neatly organized pantry with labeled airtight containers — supporting storage detail — seasonal-pantry-cleanout. Editorial photograph, bright natural light, premium magazine qual", bright natural light, pre",1200,"A neatly organized pantry with labeled airtight containers — supporting storage detail — seasonal-pantry-cleanout","A neatly organized pantry with labeled airtight containers — supporting storage detail — seasonal-pantry-cleanout. Editorial photograph, bright natural light, premium magazine qual","A neatly organized pantry with labeled airtight containers — supporting storage detail","A neatly organized pantry a beautifully organized pantry with labeled clear glass containers woven baskets and natural wood shelves. Editorial photograph, bright natural light, pre A neatly organized pantry with labeled airtight containers — supporting storage detail","pantry cleanout | seasonal pantry cleaning | pantry declutter checklist | spring clean pantry | pantry reset | a-neatly-organized-pantry storage | food storage | shelf life","","","seasonal-pantry-cleanout-support-1-400w.avif 400w | seasonal-pantry-cleanout-support-1-800w.avif 800w | seasonal-pantry-cleanout-support-1-1200w.avif 1200w",/images/optimized/pantry-organization/seasonal-pantry-cleanout/support-1200w.avif
/pantry-organization/seasonal-pantry-cleanout/,/pantry-organization/seasonal-pantry-cleanout/,pantryGuide,pinterest,seasonal-pantry-cleanout-pinterest.webp,"A neatly organized pantry with labeled airtight containers — seasonal-pantry-cleanout","A neatly organized pantry with labeled airtight containers — seasonal-pantry-cleanout","","A neatly organized pantry with labeled airtight containers — seasonal-pantry-cleanout. Editorial photograph, bright natural light, premium magazine quality.", bright natural light, pre",1000,"A neatly organized pantry with labeled airtight containers — seasonal-pantry-cleanout","A neatly organized pantry with labeled airtight containers — seasonal-pantry-cleanout. Editorial photograph, bright natural light, premium magazine quality.","Seasonal Pantry Cleanout: Shelf Life & Storage Guide","A neatly organized pantry a beautifully organized pantry with labeled clear glass containers woven baskets and natural wood shelves. Editorial photograph,"A neatly organized pantry with labeled airtight containers — seasonal-pantry-cleanout. Save this shelf-life guide for later. https://homestorageguide.com/pantry-organization/seasonal-pantry-cleanout/ #FoodStorage", pre A neatly organized pantry with labeled airtight containers","pantry cleanout | seasonal pantry cleaning | pantry declutter checklist | spring clean pantry | pantry reset | a-neatly-organized-pantry storage | food storage | shelf life","Seasonal Pantry Cleanout — Pin It","A neatly organized pantry with labeled airtight containers. Save this shelf-life guide for later. https://homestorageguide.com/pantry-organization/seasonal-pantry-cleanout/ #FoodStorage #Pantry #ShelfLife","",/images/optimized/pantry-organization/seasonal-pantry-cleanout/pin-1600w.avif
/pantry-organization/seasonal-pantry-cleanout/,/pantry-organization/seasonal-pantry-cleanout/,pantryGuide,og,seasonal-pantry-cleanout-og.jpg,"A neatly organized pantry with labeled airtight containers — seasonal-pantry-cleanout","A neatly organized pantry with labeled airtight containers — seasonal-pantry-cleanout","","A neatly organized pantry with labeled airtight containers — seasonal-pantry-cleanout. Editorial photograph, bright natural light, premium magazine quality.", bright natural light, pre",1200,"A neatly organized pantry with labeled airtight containers — seasonal-pantry-cleanout","A neatly organized pantry with labeled airtight containers — seasonal-pantry-cleanout. Editorial photograph, bright natural light, premium magazine quality.","A neatly organized pantry with labeled airtight containers","A neatly organized pantry a beautifully organized pantry with labeled clear glass containers woven baskets and natural wood shelves. Editorial photograph, bright natural light, pre A neatly organized pantry with labeled airtight containers","pantry cleanout | seasonal pantry cleaning | pantry declutter checklist | spring clean pantry | pantry reset | a-neatly-organized-pantry storage | food storage | shelf life","","","",/images/optimized/pantry-organization/seasonal-pantry-cleanout/og-1600w.avif
/pantry-organization/small-pantry-organization/,/pantry-organization/small-pantry-organization/,pantryGuide,hero,small-pantry-organization-hero.avif,"A neatly organized pantry with labeled airtight containers — small-pantry-organization","A neatly organized pantry with labeled airtight containers — small-pantry-organization","Proper airtight storage keeps a neatly organized pantry fresh for months.","A neatly organized pantry with labeled airtight containers — small-pantry-organization. Editorial photograph, bright natural light, premium magazine quality.", bright natural light, pre",1600,"A neatly organized pantry with labeled airtight containers — small-pantry-organization","A neatly organized pantry with labeled airtight containers — small-pantry-organization. Editorial photograph, bright natural light, premium magazine quality.","A neatly organized pantry with labeled airtight containers","A neatly organized pantry a beautifully organized pantry with labeled clear glass containers woven baskets and natural wood shelves. Editorial photograph, bright natural light, pre A neatly organized pantry with labeled airtight containers","small pantry organization | organizing a small pantry | small pantry ideas | apartment pantry | space saving pantry | a-neatly-organized-pantry storage | food storage | shelf life","","","small-pantry-organization-hero-400w.avif 400w | small-pantry-organization-hero-800w.avif 800w | small-pantry-organization-hero-1200w.avif 1200w | small-pantry-organization-hero-1600w.avif 1600w",/images/optimized/pantry-organization/small-pantry-organization/hero-1600w.avif
/pantry-organization/small-pantry-organization/,/pantry-organization/small-pantry-organization/,pantryGuide,support,small-pantry-organization-support-1.avif,"A neatly organized pantry with labeled airtight containers — supporting storage detail — small-pantry-organization","A neatly organized pantry with labeled airtight containers — supporting storage detail — small-pantry-organization","Detail: a neatly organized pantry in airtight storage.","A neatly organized pantry with labeled airtight containers — supporting storage detail — small-pantry-organization. Editorial photograph, bright natural light, premium magazine qua", bright natural light, pre",1200,"A neatly organized pantry with labeled airtight containers — supporting storage detail — small-pantry-organization","A neatly organized pantry with labeled airtight containers — supporting storage detail — small-pantry-organization. Editorial photograph, bright natural light, premium magazine qua","A neatly organized pantry with labeled airtight containers — supporting storage detail","A neatly organized pantry a beautifully organized pantry with labeled clear glass containers woven baskets and natural wood shelves. Editorial photograph, bright natural light, pre A neatly organized pantry with labeled airtight containers — supporting storage detail","small pantry organization | organizing a small pantry | small pantry ideas | apartment pantry | space saving pantry | a-neatly-organized-pantry storage | food storage | shelf life","","","small-pantry-organization-support-1-400w.avif 400w | small-pantry-organization-support-1-800w.avif 800w | small-pantry-organization-support-1-1200w.avif 1200w",/images/optimized/pantry-organization/small-pantry-organization/support-1200w.avif
/pantry-organization/small-pantry-organization/,/pantry-organization/small-pantry-organization/,pantryGuide,pinterest,small-pantry-organization-pinterest.webp,"A neatly organized pantry with labeled airtight containers — small-pantry-organization","A neatly organized pantry with labeled airtight containers — small-pantry-organization","","A neatly organized pantry with labeled airtight containers — small-pantry-organization. Editorial photograph, bright natural light, premium magazine quality.", bright natural light, pre",1000,"A neatly organized pantry with labeled airtight containers — small-pantry-organization","A neatly organized pantry with labeled airtight containers — small-pantry-organization. Editorial photograph, bright natural light, premium magazine quality.","Small Pantry Organization: Shelf Life & Storage Guide","A neatly organized pantry a beautifully organized pantry with labeled clear glass containers woven baskets and natural wood shelves. Editorial photograph,"A neatly organized pantry with labeled airtight containers — small-pantry-organization. Save this shelf-life guide for later. https://homestorageguide.com/pantry-organization/small-pantry-organization/ #FoodStorage", pre A neatly organized pantry with labeled airtight containers","small pantry organization | organizing a small pantry | small pantry ideas | apartment pantry | space saving pantry | a-neatly-organized-pantry storage | food storage | shelf life","Small Pantry Organization — Pin It","A neatly organized pantry with labeled airtight containers. Save this shelf-life guide for later. https://homestorageguide.com/pantry-organization/small-pantry-organization/ #FoodStorage #Pantry #ShelfLife","",/images/optimized/pantry-organization/small-pantry-organization/pin-1600w.avif
/pantry-organization/small-pantry-organization/,/pantry-organization/small-pantry-organization/,pantryGuide,og,small-pantry-organization-og.jpg,"A neatly organized pantry with labeled airtight containers — small-pantry-organization","A neatly organized pantry with labeled airtight containers — small-pantry-organization","","A neatly organized pantry with labeled airtight containers — small-pantry-organization. Editorial photograph, bright natural light, premium magazine quality.", bright natural light, pre",1200,"A neatly organized pantry with labeled airtight containers — small-pantry-organization","A neatly organized pantry with labeled airtight containers — small-pantry-organization. Editorial photograph, bright natural light, premium magazine quality.","A neatly organized pantry with labeled airtight containers","A neatly organized pantry a beautifully organized pantry with labeled clear glass containers woven baskets and natural wood shelves. Editorial photograph, bright natural light, pre A neatly organized pantry with labeled airtight containers","small pantry organization | organizing a small pantry | small pantry ideas | apartment pantry | space saving pantry | a-neatly-organized-pantry storage | food storage | shelf life","","","",/images/optimized/pantry-organization/small-pantry-organization/og-1600w.avif
/pantry-organization/the-fifo-pantry-system/,/pantry-organization/the-fifo-pantry-system/,pantryGuide,hero,fifo-pantry-system-hero.avif,"A neatly organized pantry with labeled airtight containers — fifo-pantry-system","A neatly organized pantry with labeled airtight containers — fifo-pantry-system","Proper airtight storage keeps a neatly organized pantry fresh for months.","A neatly organized pantry with labeled airtight containers — fifo-pantry-system. Editorial photograph, bright natural light, premium magazine quality.", bright natural light, pre",1600,"A neatly organized pantry with labeled airtight containers — fifo-pantry-system","A neatly organized pantry with labeled airtight containers — fifo-pantry-system. Editorial photograph, bright natural light, premium magazine quality.","A neatly organized pantry with labeled airtight containers","A neatly organized pantry a beautifully organized pantry with labeled clear glass containers woven baskets and natural wood shelves. Editorial photograph, bright natural light, pre A neatly organized pantry with labeled airtight containers","FIFO pantry | first in first out food | pantry rotation | food rotation system | FIFO storage | a-neatly-organized-pantry storage | food storage | shelf life","","","fifo-pantry-system-hero-400w.avif 400w | fifo-pantry-system-hero-800w.avif 800w | fifo-pantry-system-hero-1200w.avif 1200w | fifo-pantry-system-hero-1600w.avif 1600w",/images/optimized/pantry-organization/the-fifo-pantry-system/hero-1600w.avif
/pantry-organization/the-fifo-pantry-system/,/pantry-organization/the-fifo-pantry-system/,pantryGuide,support,fifo-pantry-system-support-1.avif,"A neatly organized pantry with labeled airtight containers — supporting storage detail — fifo-pantry-system","A neatly organized pantry with labeled airtight containers — supporting storage detail — fifo-pantry-system","Detail: a neatly organized pantry in airtight storage.","A neatly organized pantry with labeled airtight containers — supporting storage detail — fifo-pantry-system. Editorial photograph, bright natural light, premium magazine quality.", bright natural light, pre",1200,"A neatly organized pantry with labeled airtight containers — supporting storage detail — fifo-pantry-system","A neatly organized pantry with labeled airtight containers — supporting storage detail — fifo-pantry-system. Editorial photograph, bright natural light, premium magazine quality.","A neatly organized pantry with labeled airtight containers — supporting storage detail","A neatly organized pantry a beautifully organized pantry with labeled clear glass containers woven baskets and natural wood shelves. Editorial photograph, bright natural light, pre A neatly organized pantry with labeled airtight containers — supporting storage detail","FIFO pantry | first in first out food | pantry rotation | food rotation system | FIFO storage | a-neatly-organized-pantry storage | food storage | shelf life","","","fifo-pantry-system-support-1-400w.avif 400w | fifo-pantry-system-support-1-800w.avif 800w | fifo-pantry-system-support-1-1200w.avif 1200w",/images/optimized/pantry-organization/the-fifo-pantry-system/support-1200w.avif
/pantry-organization/the-fifo-pantry-system/,/pantry-organization/the-fifo-pantry-system/,pantryGuide,pinterest,fifo-pantry-system-pinterest.webp,"A neatly organized pantry with labeled airtight containers — fifo-pantry-system","A neatly organized pantry with labeled airtight containers — fifo-pantry-system","","A neatly organized pantry with labeled airtight containers — fifo-pantry-system. Editorial photograph, bright natural light, premium magazine quality.", bright natural light, pre",1000,"A neatly organized pantry with labeled airtight containers — fifo-pantry-system","A neatly organized pantry with labeled airtight containers — fifo-pantry-system. Editorial photograph, bright natural light, premium magazine quality.","The FIFO Pantry System: Shelf Life & Storage Guide","A neatly organized pantry a beautifully organized pantry with labeled clear glass containers woven baskets and natural wood shelves. Editorial photograph,"A neatly organized pantry with labeled airtight containers — fifo-pantry-system. Save this shelf-life guide for later. https://homestorageguide.com/pantry-organization/the-fifo-pantry-system/ #FoodStorage", pre A neatly organized pantry with labeled airtight containers","FIFO pantry | first in first out food | pantry rotation | food rotation system | FIFO storage | a-neatly-organized-pantry storage | food storage | shelf life","The FIFO Pantry System — Pin It","A neatly organized pantry with labeled airtight containers. Save this shelf-life guide for later. https://homestorageguide.com/pantry-organization/the-fifo-pantry-system/ #FoodStorage #Pantry #ShelfLife","",/images/optimized/pantry-organization/the-fifo-pantry-system/pin-1600w.avif
/pantry-organization/the-fifo-pantry-system/,/pantry-organization/the-fifo-pantry-system/,pantryGuide,og,fifo-pantry-system-og.jpg,"A neatly organized pantry with labeled airtight containers — fifo-pantry-system","A neatly organized pantry with labeled airtight containers — fifo-pantry-system","","A neatly organized pantry with labeled airtight containers — fifo-pantry-system. Editorial photograph, bright natural light, premium magazine quality.", bright natural light, pre",1200,"A neatly organized pantry with labeled airtight containers — fifo-pantry-system","A neatly organized pantry with labeled airtight containers — fifo-pantry-system. Editorial photograph, bright natural light, premium magazine quality.","A neatly organized pantry with labeled airtight containers","A neatly organized pantry a beautifully organized pantry with labeled clear glass containers woven baskets and natural wood shelves. Editorial photograph, bright natural light, pre A neatly organized pantry with labeled airtight containers","FIFO pantry | first in first out food | pantry rotation | food rotation system | FIFO storage | a-neatly-organized-pantry storage | food storage | shelf life","","","",/images/optimized/pantry-organization/the-fifo-pantry-system/og-1600w.avif
/pantry-organization/,/pantry-organization/,pillar,hero,pantry-organization-hero.avif,"Organized pantry staples arranged in a bright, organized pantry","Organized pantry staples arranged in a bright, organized pantry","","Organized pantry staples a bright modern kitchen pantry with organized airtight glass containers. Editorial photograph, bright natural light, premium magazine quality.",1600,900,avif,"Organized pantry staples arranged in a bright, organized pantry","Organized pantry staples a bright modern kitchen pantry with organized airtight glass containers. Editorial photograph, bright natural light, premium magazine quality. Organized pantry staples arranged in a bright, organized pantry","pantry organization | how to organize a pantry | pantry systems | FIFO rotation | pantry zones | organized-pantry-staples storage | food storage | shelf life","","","pantry-organization-hero-400w.avif 400w | pantry-organization-hero-800w.avif 800w | pantry-organization-hero-1200w.avif 1200w | pantry-organization-hero-1600w.avif 1600w",/images/optimized/pantry-organization/hero-1600w.avif
/pantry-organization/,/pantry-organization/,pillar,pinterest,pantry-organization-pinterest.webp,"Pantry Organization: Shelf Life & Storage Guide","Organized pantry staples arranged in a bright, organized pantry","","Organized pantry staples a bright modern kitchen pantry with organized airtight glass containers. Editorial photograph, bright natural light, premium magazine quality.",1000,1500,webp,"Pantry Organization: Shelf Life & Storage Guide","Organized pantry staples a bright modern kitchen pantry with organized airtight glass containers. Editorial photograph, bright natural light, premium magazine quality. Organized pantry staples arranged in a bright, organized pantry","pantry organization | how to organize a pantry | pantry systems | FIFO rotation | pantry zones | organized-pantry-staples storage | food storage | shelf life","Pantry Organization — Pin It","Organized pantry staples arranged in a bright, organized pantry. Save this shelf-life guide for later. https://homestorageguide.com/pantry-organization/ #FoodStorage #Pantry #ShelfLife","",/images/optimized/pantry-organization/pin-1600w.avif
/pantry-organization/,/pantry-organization/,pillar,og,pantry-organization-og.jpg,"Organized pantry staples arranged in a bright, organized pantry","Organized pantry staples arranged in a bright, organized pantry","","Organized pantry staples a bright modern kitchen pantry with organized airtight glass containers. Editorial photograph, bright natural light, premium magazine quality.",1200,630,jpg,"Organized pantry staples arranged in a bright, organized pantry","Organized pantry staples a bright modern kitchen pantry with organized airtight glass containers. Editorial photograph, bright natural light, premium magazine quality. Organized pantry staples arranged in a bright, organized pantry","pantry organization | how to organize a pantry | pantry systems | FIFO rotation | pantry zones | organized-pantry-staples storage | food storage | shelf life","","","",/images/optimized/pantry-organization/og-1600w.avif
/shelf-life/dairy/how-long-does-butter-last/,/shelf-life/dairy/how-long-does-butter-last/,shelfLife,hero,butter-storage-hero.avif,"A block of butter wrapped in parchment paper stored in an airtight glass container on a pantry shelf","A block of butter wrapped in parchment paper stored in an airtight glass container on a pantry shelf","Airtight storage keeps a block of butter wrapped in parchment paper fresh for its full shelf life.","A block of butter wrapped in parchment paper in a clear airtight glass container on a natural wood pantry shelf surrounded by organized jars and canisters. Editorial photograph, br",1600,900,avif,"A block of butter wrapped in parchment paper stored in an airtight glass container on a pantry shelf","A block of butter wrapped in parchment paper in a clear airtight glass container on a natural wood pantry shelf surrounded by organized jars and canisters. Editorial photograph, br A block of butter wrapped in parchment paper stored in an airtight glass container on a pantry shelf","butter shelf life | how long does butter last | butter fridge vs counter | does butter need refrigeration | can you freeze butter | a-block-of-butter-wrapped-in-parchment-paper storage | food storage | shelf life","","","butter-storage-hero-400w.avif 400w | butter-storage-hero-800w.avif 800w | butter-storage-hero-1200w.avif 1200w | butter-storage-hero-1600w.avif 1600w",/images/optimized/shelf-life/dairy/how-long-does-butter-last/hero-1600w.avif
/shelf-life/dairy/how-long-does-butter-last/,/shelf-life/dairy/how-long-does-butter-last/,shelfLife,support,butter-storage-support-1.avif,"A block of butter wrapped in parchment paper stored in an airtight glass container on a pantry shelf — supporting storage..","A block of butter wrapped in parchment paper stored in an airtight glass container on a pantry shelf — supporting storage...","Detail: a block of butter wrapped in parchment paper in airtight storage.","A block of butter wrapped in parchment paper in a clear airtight glass container on a natural wood pantry shelf surrounded by organized jars and canisters. Editorial photograph, br",1200,675,avif,"A block of butter wrapped in parchment paper stored in an airtight glass container on a pantry shelf — supporting storage..","A block of butter wrapped in parchment paper in a clear airtight glass container on a natural wood pantry shelf surrounded by organized jars and canisters. Editorial photograph, br A block of butter wrapped in parchment paper stored in an airtight glass container on a pantry shelf — supporting storage...","butter shelf life | how long does butter last | butter fridge vs counter | does butter need refrigeration | can you freeze butter | a-block-of-butter-wrapped-in-parchment-paper storage | food storage | shelf life","","","butter-storage-support-1-400w.avif 400w | butter-storage-support-1-800w.avif 800w | butter-storage-support-1-1200w.avif 1200w",/images/optimized/shelf-life/dairy/how-long-does-butter-last/support-1200w.avif
/shelf-life/dairy/how-long-does-butter-last/,/shelf-life/dairy/how-long-does-butter-last/,shelfLife,pinterest,butter-storage-pinterest.webp,"How Long Does Butter Last?: Shelf Life & Storage Guide","A block of butter wrapped in parchment paper stored in an airtight glass container on a pantry shelf","","A block of butter wrapped in parchment paper in a clear airtight glass container on a natural wood pantry shelf surrounded by organized jars and canisters. Editorial photograph, br",1000,1500,webp,"How Long Does Butter Last?: Shelf Life & Storage Guide","A block of butter wrapped in parchment paper in a clear airtight glass container on a natural wood pantry shelf surrounded by organized jars and canisters. Editorial photograph, br A block of butter wrapped in parchment paper stored in an airtight glass container on a pantry shelf","butter shelf life | how long does butter last | butter fridge vs counter | does butter need refrigeration | can you freeze butter | a-block-of-butter-wrapped-in-parchment-paper storage | food storage | shelf life","How Long Does Butter Last? — Pin It","A block of butter wrapped in parchment paper stored in an airtight glass container on a pantry shelf. Save this shelf-life guide for later. https://homestorageguide.com/shelf-life/dairy/how-long-does-butter-last/ #FoodStorage #Dairy #ShelfLife","",/images/optimized/shelf-life/dairy/how-long-does-butter-last/pin-1600w.avif
/shelf-life/dairy/how-long-does-butter-last/,/shelf-life/dairy/how-long-does-butter-last/,shelfLife,og,butter-storage-og.jpg,"A block of butter wrapped in parchment paper stored in an airtight glass container on a pantry shelf","A block of butter wrapped in parchment paper stored in an airtight glass container on a pantry shelf","","A block of butter wrapped in parchment paper in a clear airtight glass container on a natural wood pantry shelf surrounded by organized jars and canisters. Editorial photograph, br",1200,630,jpg,"A block of butter wrapped in parchment paper stored in an airtight glass container on a pantry shelf","A block of butter wrapped in parchment paper in a clear airtight glass container on a natural wood pantry shelf surrounded by organized jars and canisters. Editorial photograph, br A block of butter wrapped in parchment paper stored in an airtight glass container on a pantry shelf","butter shelf life | how long does butter last | butter fridge vs counter | does butter need refrigeration | can you freeze butter | a-block-of-butter-wrapped-in-parchment-paper storage | food storage | shelf life","","","",/images/optimized/shelf-life/dairy/how-long-does-butter-last/og-1600w.avif
/shelf-life/dairy/how-long-does-cheese-last/,/shelf-life/dairy/how-long-does-cheese-last/,shelfLife,hero,cheese-storage-hero.avif,"A wedge of artisanal cheese stored in an airtight glass container on a pantry shelf","A wedge of artisanal cheese stored in an airtight glass container on a pantry shelf","Airtight storage keeps a wedge of artisanal cheese fresh for its full shelf life.","A wedge of artisanal cheese in a clear airtight glass container on a natural wood pantry shelf surrounded by organized jars and canisters. Editorial photograph, bright natural ligh",1600,900,avif,"A wedge of artisanal cheese stored in an airtight glass container on a pantry shelf","A wedge of artisanal cheese in a clear airtight glass container on a natural wood pantry shelf surrounded by organized jars and canisters. Editorial photograph, bright natural ligh A wedge of artisanal cheese stored in an airtight glass container on a pantry shelf","cheese shelf life | how long does cheese last | hard cheese vs soft cheese | does cheese freeze | mold on cheese | a-wedge-of-artisanal-cheese storage | food storage | shelf life","","","cheese-storage-hero-400w.avif 400w | cheese-storage-hero-800w.avif 800w | cheese-storage-hero-1200w.avif 1200w | cheese-storage-hero-1600w.avif 1600w",/images/optimized/shelf-life/dairy/how-long-does-cheese-last/hero-1600w.avif
/shelf-life/dairy/how-long-does-cheese-last/,/shelf-life/dairy/how-long-does-cheese-last/,shelfLife,support,cheese-storage-support-1.avif,"A wedge of artisanal cheese stored in an airtight glass container on a pantry shelf — supporting storage detail","A wedge of artisanal cheese stored in an airtight glass container on a pantry shelf — supporting storage detail","Detail: a wedge of artisanal cheese in airtight storage.","A wedge of artisanal cheese in a clear airtight glass container on a natural wood pantry shelf surrounded by organized jars and canisters. Editorial photograph, bright natural ligh",1200,675,avif,"A wedge of artisanal cheese stored in an airtight glass container on a pantry shelf — supporting storage detail","A wedge of artisanal cheese in a clear airtight glass container on a natural wood pantry shelf surrounded by organized jars and canisters. Editorial photograph, bright natural ligh A wedge of artisanal cheese stored in an airtight glass container on a pantry shelf — supporting storage detail","cheese shelf life | how long does cheese last | hard cheese vs soft cheese | does cheese freeze | mold on cheese | a-wedge-of-artisanal-cheese storage | food storage | shelf life","","","cheese-storage-support-1-400w.avif 400w | cheese-storage-support-1-800w.avif 800w | cheese-storage-support-1-1200w.avif 1200w",/images/optimized/shelf-life/dairy/how-long-does-cheese-last/support-1200w.avif
/shelf-life/dairy/how-long-does-cheese-last/,/shelf-life/dairy/how-long-does-cheese-last/,shelfLife,pinterest,cheese-storage-pinterest.webp,"How Long Does Cheese Last?: Shelf Life & Storage Guide","A wedge of artisanal cheese stored in an airtight glass container on a pantry shelf","","A wedge of artisanal cheese in a clear airtight glass container on a natural wood pantry shelf surrounded by organized jars and canisters. Editorial photograph, bright natural ligh",1000,1500,webp,"How Long Does Cheese Last?: Shelf Life & Storage Guide","A wedge of artisanal cheese in a clear airtight glass container on a natural wood pantry shelf surrounded by organized jars and canisters. Editorial photograph, bright natural ligh A wedge of artisanal cheese stored in an airtight glass container on a pantry shelf","cheese shelf life | how long does cheese last | hard cheese vs soft cheese | does cheese freeze | mold on cheese | a-wedge-of-artisanal-cheese storage | food storage | shelf life","How Long Does Cheese Last? — Pin It","A wedge of artisanal cheese stored in an airtight glass container on a pantry shelf. Save this shelf-life guide for later. https://homestorageguide.com/shelf-life/dairy/how-long-does-cheese-last/ #FoodStorage #Dairy #ShelfLife","",/images/optimized/shelf-life/dairy/how-long-does-cheese-last/pin-1600w.avif
/shelf-life/dairy/how-long-does-cheese-last/,/shelf-life/dairy/how-long-does-cheese-last/,shelfLife,og,cheese-storage-og.jpg,"A wedge of artisanal cheese stored in an airtight glass container on a pantry shelf","A wedge of artisanal cheese stored in an airtight glass container on a pantry shelf","","A wedge of artisanal cheese in a clear airtight glass container on a natural wood pantry shelf surrounded by organized jars and canisters. Editorial photograph, bright natural ligh",1200,630,jpg,"A wedge of artisanal cheese stored in an airtight glass container on a pantry shelf","A wedge of artisanal cheese in a clear airtight glass container on a natural wood pantry shelf surrounded by organized jars and canisters. Editorial photograph, bright natural ligh A wedge of artisanal cheese stored in an airtight glass container on a pantry shelf","cheese shelf life | how long does cheese last | hard cheese vs soft cheese | does cheese freeze | mold on cheese | a-wedge-of-artisanal-cheese storage | food storage | shelf life","","","",/images/optimized/shelf-life/dairy/how-long-does-cheese-last/og-1600w.avif
/shelf-life/dairy/how-long-does-eggs-last/,/shelf-life/dairy/how-long-does-eggs-last/,shelfLife,hero,eggs-storage-hero.avif,"Fresh eggs in a clean egg tray stored in an airtight glass container on a pantry shelf","Fresh eggs in a clean egg tray stored in an airtight glass container on a pantry shelf","Airtight storage keeps fresh eggs in a clean egg tray fresh for its full shelf life.","Fresh eggs in a clean egg tray in a clear airtight glass container on a natural wood pantry shelf surrounded by organized jars and canisters. Editorial photograph, bright natural l",1600,900,avif,"Fresh eggs in a clean egg tray stored in an airtight glass container on a pantry shelf","Fresh eggs in a clean egg tray in a clear airtight glass container on a natural wood pantry shelf surrounded by organized jars and canisters. Editorial photograph, bright natural l Fresh eggs in a clean egg tray stored in an airtight glass container on a pantry shelf","egg shelf life | how long do eggs last | egg expiration date | float test eggs | do eggs need refrigeration | fresh-eggs-in-a-clean-egg-tray storage | food storage | shelf life","","","eggs-storage-hero-400w.avif 400w | eggs-storage-hero-800w.avif 800w | eggs-storage-hero-1200w.avif 1200w | eggs-storage-hero-1600w.avif 1600w",/images/optimized/shelf-life/dairy/how-long-does-eggs-last/hero-1600w.avif
/shelf-life/dairy/how-long-does-eggs-last/,/shelf-life/dairy/how-long-does-eggs-last/,shelfLife,support,eggs-storage-support-1.avif,"Fresh eggs in a clean egg tray stored in an airtight glass container on a pantry shelf — supporting storage detail","Fresh eggs in a clean egg tray stored in an airtight glass container on a pantry shelf — supporting storage detail","Detail: fresh eggs in a clean egg tray in airtight storage.","Fresh eggs in a clean egg tray in a clear airtight glass container on a natural wood pantry shelf surrounded by organized jars and canisters. Editorial photograph, bright natural l",1200,675,avif,"Fresh eggs in a clean egg tray stored in an airtight glass container on a pantry shelf — supporting storage detail","Fresh eggs in a clean egg tray in a clear airtight glass container on a natural wood pantry shelf surrounded by organized jars and canisters. Editorial photograph, bright natural l Fresh eggs in a clean egg tray stored in an airtight glass container on a pantry shelf — supporting storage detail","egg shelf life | how long do eggs last | egg expiration date | float test eggs | do eggs need refrigeration | fresh-eggs-in-a-clean-egg-tray storage | food storage | shelf life","","","eggs-storage-support-1-400w.avif 400w | eggs-storage-support-1-800w.avif 800w | eggs-storage-support-1-1200w.avif 1200w",/images/optimized/shelf-life/dairy/how-long-does-eggs-last/support-1200w.avif
/shelf-life/dairy/how-long-does-eggs-last/,/shelf-life/dairy/how-long-does-eggs-last/,shelfLife,pinterest,eggs-storage-pinterest.webp,"How Long Do Eggs Last?: Shelf Life & Storage Guide","Fresh eggs in a clean egg tray stored in an airtight glass container on a pantry shelf","","Fresh eggs in a clean egg tray in a clear airtight glass container on a natural wood pantry shelf surrounded by organized jars and canisters. Editorial photograph, bright natural l",1000,1500,webp,"How Long Do Eggs Last?: Shelf Life & Storage Guide","Fresh eggs in a clean egg tray in a clear airtight glass container on a natural wood pantry shelf surrounded by organized jars and canisters. Editorial photograph, bright natural l Fresh eggs in a clean egg tray stored in an airtight glass container on a pantry shelf","egg shelf life | how long do eggs last | egg expiration date | float test eggs | do eggs need refrigeration | fresh-eggs-in-a-clean-egg-tray storage | food storage | shelf life","How Long Do Eggs Last? — Pin It","Fresh eggs in a clean egg tray stored in an airtight glass container on a pantry shelf. Save this shelf-life guide for later. https://homestorageguide.com/shelf-life/dairy/how-long-does-eggs-last/ #FoodStorage #Dairy #ShelfLife","",/images/optimized/shelf-life/dairy/how-long-does-eggs-last/pin-1600w.avif
/shelf-life/dairy/how-long-does-eggs-last/,/shelf-life/dairy/how-long-does-eggs-last/,shelfLife,og,eggs-storage-og.jpg,"Fresh eggs in a clean egg tray stored in an airtight glass container on a pantry shelf","Fresh eggs in a clean egg tray stored in an airtight glass container on a pantry shelf","","Fresh eggs in a clean egg tray in a clear airtight glass container on a natural wood pantry shelf surrounded by organized jars and canisters. Editorial photograph, bright natural l",1200,630,jpg,"Fresh eggs in a clean egg tray stored in an airtight glass container on a pantry shelf","Fresh eggs in a clean egg tray in a clear airtight glass container on a natural wood pantry shelf surrounded by organized jars and canisters. Editorial photograph, bright natural l Fresh eggs in a clean egg tray stored in an airtight glass container on a pantry shelf","egg shelf life | how long do eggs last | egg expiration date | float test eggs | do eggs need refrigeration | fresh-eggs-in-a-clean-egg-tray storage | food storage | shelf life","","","",/images/optimized/shelf-life/dairy/how-long-does-eggs-last/og-1600w.avif
/shelf-life/dairy/how-long-does-milk-last/,/shelf-life/dairy/how-long-does-milk-last/,shelfLife,hero,milk-storage-hero.avif,"Fresh milk in a glass bottle stored in an airtight glass container on a pantry shelf","Fresh milk in a glass bottle stored in an airtight glass container on a pantry shelf","Airtight storage keeps fresh milk in a glass bottle fresh for its full shelf life.","Fresh milk in a glass bottle in a clear airtight glass container on a natural wood pantry shelf surrounded by organized jars and canisters. Editorial photograph, bright natural lig",1600,900,avif,"Fresh milk in a glass bottle stored in an airtight glass container on a pantry shelf","Fresh milk in a glass bottle in a clear airtight glass container on a natural wood pantry shelf surrounded by organized jars and canisters. Editorial photograph, bright natural lig Fresh milk in a glass bottle stored in an airtight glass container on a pantry shelf","milk shelf life | how long does milk last | milk expiration date | does milk freeze | how to tell if milk is bad | fresh-milk-in-a-glass-bottle storage | food storage | shelf life","","","milk-storage-hero-400w.avif 400w | milk-storage-hero-800w.avif 800w | milk-storage-hero-1200w.avif 1200w | milk-storage-hero-1600w.avif 1600w",/images/optimized/shelf-life/dairy/how-long-does-milk-last/hero-1600w.avif
/shelf-life/dairy/how-long-does-milk-last/,/shelf-life/dairy/how-long-does-milk-last/,shelfLife,support,milk-storage-support-1.avif,"Fresh milk in a glass bottle stored in an airtight glass container on a pantry shelf — supporting storage detail","Fresh milk in a glass bottle stored in an airtight glass container on a pantry shelf — supporting storage detail","Detail: fresh milk in a glass bottle in airtight storage.","Fresh milk in a glass bottle in a clear airtight glass container on a natural wood pantry shelf surrounded by organized jars and canisters. Editorial photograph, bright natural lig",1200,675,avif,"Fresh milk in a glass bottle stored in an airtight glass container on a pantry shelf — supporting storage detail","Fresh milk in a glass bottle in a clear airtight glass container on a natural wood pantry shelf surrounded by organized jars and canisters. Editorial photograph, bright natural lig Fresh milk in a glass bottle stored in an airtight glass container on a pantry shelf — supporting storage detail","milk shelf life | how long does milk last | milk expiration date | does milk freeze | how to tell if milk is bad | fresh-milk-in-a-glass-bottle storage | food storage | shelf life","","","milk-storage-support-1-400w.avif 400w | milk-storage-support-1-800w.avif 800w | milk-storage-support-1-1200w.avif 1200w",/images/optimized/shelf-life/dairy/how-long-does-milk-last/support-1200w.avif
/shelf-life/dairy/how-long-does-milk-last/,/shelf-life/dairy/how-long-does-milk-last/,shelfLife,pinterest,milk-storage-pinterest.webp,"How Long Does Milk Last?: Shelf Life & Storage Guide","Fresh milk in a glass bottle stored in an airtight glass container on a pantry shelf","","Fresh milk in a glass bottle in a clear airtight glass container on a natural wood pantry shelf surrounded by organized jars and canisters. Editorial photograph, bright natural lig",1000,1500,webp,"How Long Does Milk Last?: Shelf Life & Storage Guide","Fresh milk in a glass bottle in a clear airtight glass container on a natural wood pantry shelf surrounded by organized jars and canisters. Editorial photograph, bright natural lig Fresh milk in a glass bottle stored in an airtight glass container on a pantry shelf","milk shelf life | how long does milk last | milk expiration date | does milk freeze | how to tell if milk is bad | fresh-milk-in-a-glass-bottle storage | food storage | shelf life","How Long Does Milk Last? — Pin It","Fresh milk in a glass bottle stored in an airtight glass container on a pantry shelf. Save this shelf-life guide for later. https://homestorageguide.com/shelf-life/dairy/how-long-does-milk-last/ #FoodStorage #Dairy #ShelfLife","",/images/optimized/shelf-life/dairy/how-long-does-milk-last/pin-1600w.avif
/shelf-life/dairy/how-long-does-milk-last/,/shelf-life/dairy/how-long-does-milk-last/,shelfLife,og,milk-storage-og.jpg,"Fresh milk in a glass bottle stored in an airtight glass container on a pantry shelf","Fresh milk in a glass bottle stored in an airtight glass container on a pantry shelf","","Fresh milk in a glass bottle in a clear airtight glass container on a natural wood pantry shelf surrounded by organized jars and canisters. Editorial photograph, bright natural lig",1200,630,jpg,"Fresh milk in a glass bottle stored in an airtight glass container on a pantry shelf","Fresh milk in a glass bottle in a clear airtight glass container on a natural wood pantry shelf surrounded by organized jars and canisters. Editorial photograph, bright natural lig Fresh milk in a glass bottle stored in an airtight glass container on a pantry shelf","milk shelf life | how long does milk last | milk expiration date | does milk freeze | how to tell if milk is bad | fresh-milk-in-a-glass-bottle storage | food storage | shelf life","","","",/images/optimized/shelf-life/dairy/how-long-does-milk-last/og-1600w.avif
/shelf-life/dairy/how-long-does-yogurt-last/,/shelf-life/dairy/how-long-does-yogurt-last/,shelfLife,hero,yogurt-storage-hero.avif,"Thick yogurt in a glass jar stored in an airtight glass container on a pantry shelf","Thick yogurt in a glass jar stored in an airtight glass container on a pantry shelf","Airtight storage keeps thick yogurt in a glass jar fresh for its full shelf life.","Thick yogurt in a glass jar in a clear airtight glass container on a natural wood pantry shelf surrounded by organized jars and canisters. Editorial photograph, bright natural ligh",1600,900,avif,"Thick yogurt in a glass jar stored in an airtight glass container on a pantry shelf","Thick yogurt in a glass jar in a clear airtight glass container on a natural wood pantry shelf surrounded by organized jars and canisters. Editorial photograph, bright natural ligh Thick yogurt in a glass jar stored in an airtight glass container on a pantry shelf","yogurt shelf life | how long does yogurt last | yogurt expiration date | can you freeze yogurt | how to tell if yogurt is bad | thick-yogurt-in-a-glass-jar storage | food storage | shelf life","","","yogurt-storage-hero-400w.avif 400w | yogurt-storage-hero-800w.avif 800w | yogurt-storage-hero-1200w.avif 1200w | yogurt-storage-hero-1600w.avif 1600w",/images/optimized/shelf-life/dairy/how-long-does-yogurt-last/hero-1600w.avif
/shelf-life/dairy/how-long-does-yogurt-last/,/shelf-life/dairy/how-long-does-yogurt-last/,shelfLife,support,yogurt-storage-support-1.avif,"Thick yogurt in a glass jar stored in an airtight glass container on a pantry shelf — supporting storage detail","Thick yogurt in a glass jar stored in an airtight glass container on a pantry shelf — supporting storage detail","Detail: thick yogurt in a glass jar in airtight storage.","Thick yogurt in a glass jar in a clear airtight glass container on a natural wood pantry shelf surrounded by organized jars and canisters. Editorial photograph, bright natural ligh",1200,675,avif,"Thick yogurt in a glass jar stored in an airtight glass container on a pantry shelf — supporting storage detail","Thick yogurt in a glass jar in a clear airtight glass container on a natural wood pantry shelf surrounded by organized jars and canisters. Editorial photograph, bright natural ligh Thick yogurt in a glass jar stored in an airtight glass container on a pantry shelf — supporting storage detail","yogurt shelf life | how long does yogurt last | yogurt expiration date | can you freeze yogurt | how to tell if yogurt is bad | thick-yogurt-in-a-glass-jar storage | food storage | shelf life","","","yogurt-storage-support-1-400w.avif 400w | yogurt-storage-support-1-800w.avif 800w | yogurt-storage-support-1-1200w.avif 1200w",/images/optimized/shelf-life/dairy/how-long-does-yogurt-last/support-1200w.avif
/shelf-life/dairy/how-long-does-yogurt-last/,/shelf-life/dairy/how-long-does-yogurt-last/,shelfLife,pinterest,yogurt-storage-pinterest.webp,"How Long Does Yogurt Last?: Shelf Life & Storage Guide","Thick yogurt in a glass jar stored in an airtight glass container on a pantry shelf","","Thick yogurt in a glass jar in a clear airtight glass container on a natural wood pantry shelf surrounded by organized jars and canisters. Editorial photograph, bright natural ligh",1000,1500,webp,"How Long Does Yogurt Last?: Shelf Life & Storage Guide","Thick yogurt in a glass jar in a clear airtight glass container on a natural wood pantry shelf surrounded by organized jars and canisters. Editorial photograph, bright natural ligh Thick yogurt in a glass jar stored in an airtight glass container on a pantry shelf","yogurt shelf life | how long does yogurt last | yogurt expiration date | can you freeze yogurt | how to tell if yogurt is bad | thick-yogurt-in-a-glass-jar storage | food storage | shelf life","How Long Does Yogurt Last? — Pin It","Thick yogurt in a glass jar stored in an airtight glass container on a pantry shelf. Save this shelf-life guide for later. https://homestorageguide.com/shelf-life/dairy/how-long-does-yogurt-last/ #FoodStorage #Dairy #ShelfLife","",/images/optimized/shelf-life/dairy/how-long-does-yogurt-last/pin-1600w.avif
/shelf-life/dairy/how-long-does-yogurt-last/,/shelf-life/dairy/how-long-does-yogurt-last/,shelfLife,og,yogurt-storage-og.jpg,"Thick yogurt in a glass jar stored in an airtight glass container on a pantry shelf","Thick yogurt in a glass jar stored in an airtight glass container on a pantry shelf","","Thick yogurt in a glass jar in a clear airtight glass container on a natural wood pantry shelf surrounded by organized jars and canisters. Editorial photograph, bright natural ligh",1200,630,jpg,"Thick yogurt in a glass jar stored in an airtight glass container on a pantry shelf","Thick yogurt in a glass jar in a clear airtight glass container on a natural wood pantry shelf surrounded by organized jars and canisters. Editorial photograph, bright natural ligh Thick yogurt in a glass jar stored in an airtight glass container on a pantry shelf","yogurt shelf life | how long does yogurt last | yogurt expiration date | can you freeze yogurt | how to tell if yogurt is bad | thick-yogurt-in-a-glass-jar storage | food storage | shelf life","","","",/images/optimized/shelf-life/dairy/how-long-does-yogurt-last/og-1600w.avif
/shelf-life/dairy/,/shelf-life/dairy/,category,hero,dairy-egg-shelf-life-hero.avif,"Dairy foods arranged in a bright, organized pantry","Dairy foods arranged in a bright, organized pantry","","Dairy foods a tidy arrangement of dairy foods in a clean modern refrigerator. Editorial photograph, bright natural light, premium magazine quality.",1600,900,avif,"Dairy foods arranged in a bright, organized pantry","Dairy foods a tidy arrangement of dairy foods in a clean modern refrigerator. Editorial photograph, bright natural light, premium magazine quality. Dairy foods arranged in a bright, organized pantry","dairy shelf life | milk shelf life | cheese shelf life | egg shelf life | how long does dairy last | dairy-foods storage | food storage | shelf life","","","dairy-egg-shelf-life-hero-400w.avif 400w | dairy-egg-shelf-life-hero-800w.avif 800w | dairy-egg-shelf-life-hero-1200w.avif 1200w | dairy-egg-shelf-life-hero-1600w.avif 1600w",/images/optimized/shelf-life/dairy/hero-1600w.avif
/shelf-life/dairy/,/shelf-life/dairy/,category,pinterest,dairy-egg-shelf-life-pinterest.webp,"Dairy & Egg Shelf Life: Shelf Life & Storage Guide","Dairy foods arranged in a bright, organized pantry","","Dairy foods a tidy arrangement of dairy foods in a clean modern refrigerator. Editorial photograph, bright natural light, premium magazine quality.",1000,1500,webp,"Dairy & Egg Shelf Life: Shelf Life & Storage Guide","Dairy foods a tidy arrangement of dairy foods in a clean modern refrigerator. Editorial photograph, bright natural light, premium magazine quality. Dairy foods arranged in a bright, organized pantry","dairy shelf life | milk shelf life | cheese shelf life | egg shelf life | how long does dairy last | dairy-foods storage | food storage | shelf life","Dairy & Egg Shelf Life — Pin It","Dairy foods arranged in a bright, organized pantry. Save this shelf-life guide for later. https://homestorageguide.com/shelf-life/dairy/ #FoodStorage #Dairy #ShelfLife","",/images/optimized/shelf-life/dairy/pin-1600w.avif
/shelf-life/dairy/,/shelf-life/dairy/,category,og,dairy-egg-shelf-life-og.jpg,"Dairy foods arranged in a bright, organized pantry","Dairy foods arranged in a bright, organized pantry","","Dairy foods a tidy arrangement of dairy foods in a clean modern refrigerator. Editorial photograph, bright natural light, premium magazine quality.",1200,630,jpg,"Dairy foods arranged in a bright, organized pantry","Dairy foods a tidy arrangement of dairy foods in a clean modern refrigerator. Editorial photograph, bright natural light, premium magazine quality. Dairy foods arranged in a bright, organized pantry","dairy shelf life | milk shelf life | cheese shelf life | egg shelf life | how long does dairy last | dairy-foods storage | food storage | shelf life","","","",/images/optimized/shelf-life/dairy/og-1600w.avif
/shelf-life/freezer/,/shelf-life/freezer/,category,hero,frozen-food-shelf-life-hero.avif,"Frozen food packages arranged in a bright, organized pantry","Frozen food packages arranged in a bright, organized pantry","","Frozen food packages a tidy arrangement of frozen food packages in a bright modern kitchen pantry. Editorial photograph, bright natural light, premium magazine quality.",1600,900,avif,"Frozen food packages arranged in a bright, organized pantry","Frozen food packages a tidy arrangement of frozen food packages in a bright modern kitchen pantry. Editorial photograph, bright natural light, premium magazine quality. Frozen food packages arranged in a bright, organized pantry","frozen food shelf life | freezer storage times | how long does frozen food last | freezer burn | food frozen at 0 degrees | frozen-food-packages storage | food storage | shelf life","","","frozen-food-shelf-life-hero-400w.avif 400w | frozen-food-shelf-life-hero-800w.avif 800w | frozen-food-shelf-life-hero-1200w.avif 1200w | frozen-food-shelf-life-hero-1600w.avif 1600w",/images/optimized/shelf-life/freezer/hero-1600w.avif
/shelf-life/freezer/,/shelf-life/freezer/,category,pinterest,frozen-food-shelf-life-pinterest.webp,"Frozen Food Shelf Life: Shelf Life & Storage Guide","Frozen food packages arranged in a bright, organized pantry","","Frozen food packages a tidy arrangement of frozen food packages in a bright modern kitchen pantry. Editorial photograph, bright natural light, premium magazine quality.",1000,1500,webp,"Frozen Food Shelf Life: Shelf Life & Storage Guide","Frozen food packages a tidy arrangement of frozen food packages in a bright modern kitchen pantry. Editorial photograph, bright natural light, premium magazine quality. Frozen food packages arranged in a bright, organized pantry","frozen food shelf life | freezer storage times | how long does frozen food last | freezer burn | food frozen at 0 degrees | frozen-food-packages storage | food storage | shelf life","Frozen Food Shelf Life — Pin It","Frozen food packages arranged in a bright, organized pantry. Save this shelf-life guide for later. https://homestorageguide.com/shelf-life/freezer/ #FoodStorage #Freezer #ShelfLife","",/images/optimized/shelf-life/freezer/pin-1600w.avif
/shelf-life/freezer/,/shelf-life/freezer/,category,og,frozen-food-shelf-life-og.jpg,"Frozen food packages arranged in a bright, organized pantry","Frozen food packages arranged in a bright, organized pantry","","Frozen food packages a tidy arrangement of frozen food packages in a bright modern kitchen pantry. Editorial photograph, bright natural light, premium magazine quality.",1200,630,jpg,"Frozen food packages arranged in a bright, organized pantry","Frozen food packages a tidy arrangement of frozen food packages in a bright modern kitchen pantry. Editorial photograph, bright natural light, premium magazine quality. Frozen food packages arranged in a bright, organized pantry","frozen food shelf life | freezer storage times | how long does frozen food last | freezer burn | food frozen at 0 degrees | frozen-food-packages storage | food storage | shelf life","","","",/images/optimized/shelf-life/freezer/og-1600w.avif
/shelf-life/meat/how-long-does-chicken-last/,/shelf-life/meat/how-long-does-chicken-last/,shelfLife,hero,chicken-storage-hero.avif,"Raw chicken breast wrapped airtight and ready for the freezer","Raw chicken breast wrapped airtight and ready for the freezer","Airtight storage keeps raw chicken breast fresh for its full shelf life.","Raw chicken breast portioned and wrapped in airtight freezer packaging on a clean white kitchen counter. Editorial photograph, bright natural light, premium magazine quality.",1600,900,avif,"Raw chicken breast wrapped airtight and ready for the freezer","Raw chicken breast portioned and wrapped in airtight freezer packaging on a clean white kitchen counter. Editorial photograph, bright natural light, premium magazine quality. Raw chicken breast wrapped airtight and ready for the freezer","chicken shelf life | how long does chicken last | raw chicken in fridge | how long does cooked chicken last | safe chicken storage | raw-chicken-breast storage | food storage | shelf life","","","chicken-storage-hero-400w.avif 400w | chicken-storage-hero-800w.avif 800w | chicken-storage-hero-1200w.avif 1200w | chicken-storage-hero-1600w.avif 1600w",/images/optimized/shelf-life/meat/how-long-does-chicken-last/hero-1600w.avif
/shelf-life/meat/how-long-does-chicken-last/,/shelf-life/meat/how-long-does-chicken-last/,shelfLife,support,chicken-storage-support-1.avif,"Raw chicken breast wrapped airtight and ready for the freezer — supporting storage detail","Raw chicken breast wrapped airtight and ready for the freezer — supporting storage detail","Detail: raw chicken breast in airtight storage.","Raw chicken breast portioned and wrapped in airtight freezer packaging on a clean white kitchen counter. Editorial photograph, bright natural light, premium magazine quality.",1200,675,avif,"Raw chicken breast wrapped airtight and ready for the freezer — supporting storage detail","Raw chicken breast portioned and wrapped in airtight freezer packaging on a clean white kitchen counter. Editorial photograph, bright natural light, premium magazine quality. Raw chicken breast wrapped airtight and ready for the freezer — supporting storage detail","chicken shelf life | how long does chicken last | raw chicken in fridge | how long does cooked chicken last | safe chicken storage | raw-chicken-breast storage | food storage | shelf life","","","chicken-storage-support-1-400w.avif 400w | chicken-storage-support-1-800w.avif 800w | chicken-storage-support-1-1200w.avif 1200w",/images/optimized/shelf-life/meat/how-long-does-chicken-last/support-1200w.avif
/shelf-life/meat/how-long-does-chicken-last/,/shelf-life/meat/how-long-does-chicken-last/,shelfLife,pinterest,chicken-storage-pinterest.webp,"How Long Does Chicken Last?: Shelf Life & Storage Guide","Raw chicken breast wrapped airtight and ready for the freezer","","Raw chicken breast portioned and wrapped in airtight freezer packaging on a clean white kitchen counter. Editorial photograph, bright natural light, premium magazine quality.",1000,1500,webp,"How Long Does Chicken Last?: Shelf Life & Storage Guide","Raw chicken breast portioned and wrapped in airtight freezer packaging on a clean white kitchen counter. Editorial photograph, bright natural light, premium magazine quality. Raw chicken breast wrapped airtight and ready for the freezer","chicken shelf life | how long does chicken last | raw chicken in fridge | how long does cooked chicken last | safe chicken storage | raw-chicken-breast storage | food storage | shelf life","How Long Does Chicken Last? — Pin It","Raw chicken breast wrapped airtight and ready for the freezer. Save this shelf-life guide for later. https://homestorageguide.com/shelf-life/meat/how-long-does-chicken-last/ #FoodStorage #Meat #ShelfLife","",/images/optimized/shelf-life/meat/how-long-does-chicken-last/pin-1600w.avif
/shelf-life/meat/how-long-does-chicken-last/,/shelf-life/meat/how-long-does-chicken-last/,shelfLife,og,chicken-storage-og.jpg,"Raw chicken breast wrapped airtight and ready for the freezer","Raw chicken breast wrapped airtight and ready for the freezer","","Raw chicken breast portioned and wrapped in airtight freezer packaging on a clean white kitchen counter. Editorial photograph, bright natural light, premium magazine quality.",1200,630,jpg,"Raw chicken breast wrapped airtight and ready for the freezer","Raw chicken breast portioned and wrapped in airtight freezer packaging on a clean white kitchen counter. Editorial photograph, bright natural light, premium magazine quality. Raw chicken breast wrapped airtight and ready for the freezer","chicken shelf life | how long does chicken last | raw chicken in fridge | how long does cooked chicken last | safe chicken storage | raw-chicken-breast storage | food storage | shelf life","","","",/images/optimized/shelf-life/meat/how-long-does-chicken-last/og-1600w.avif
/shelf-life/meat/how-long-does-ground-beef-last/,/shelf-life/meat/how-long-does-ground-beef-last/,shelfLife,hero,ground-beef-storage-hero.avif,"Fresh ground beef wrapped airtight and ready for the freezer","Fresh ground beef wrapped airtight and ready for the freezer","Airtight storage keeps fresh ground beef fresh for its full shelf life.","Fresh ground beef portioned and wrapped in airtight freezer packaging on a clean white kitchen counter. Editorial photograph, bright natural light, premium magazine quality.",1600,900,avif,"Fresh ground beef wrapped airtight and ready for the freezer","Fresh ground beef portioned and wrapped in airtight freezer packaging on a clean white kitchen counter. Editorial photograph, bright natural light, premium magazine quality. Fresh ground beef wrapped airtight and ready for the freezer","ground beef shelf life | how long does ground beef last | raw ground beef fridge | how long does cooked ground beef last | ground beef storage | fresh-ground-beef storage | food storage | shelf life","","","ground-beef-storage-hero-400w.avif 400w | ground-beef-storage-hero-800w.avif 800w | ground-beef-storage-hero-1200w.avif 1200w | ground-beef-storage-hero-1600w.avif 1600w",/images/optimized/shelf-life/meat/how-long-does-ground-beef-last/hero-1600w.avif
/shelf-life/meat/how-long-does-ground-beef-last/,/shelf-life/meat/how-long-does-ground-beef-last/,shelfLife,support,ground-beef-storage-support-1.avif,"Fresh ground beef wrapped airtight and ready for the freezer — supporting storage detail","Fresh ground beef wrapped airtight and ready for the freezer — supporting storage detail","Detail: fresh ground beef in airtight storage.","Fresh ground beef portioned and wrapped in airtight freezer packaging on a clean white kitchen counter. Editorial photograph, bright natural light, premium magazine quality.",1200,675,avif,"Fresh ground beef wrapped airtight and ready for the freezer — supporting storage detail","Fresh ground beef portioned and wrapped in airtight freezer packaging on a clean white kitchen counter. Editorial photograph, bright natural light, premium magazine quality. Fresh ground beef wrapped airtight and ready for the freezer — supporting storage detail","ground beef shelf life | how long does ground beef last | raw ground beef fridge | how long does cooked ground beef last | ground beef storage | fresh-ground-beef storage | food storage | shelf life","","","ground-beef-storage-support-1-400w.avif 400w | ground-beef-storage-support-1-800w.avif 800w | ground-beef-storage-support-1-1200w.avif 1200w",/images/optimized/shelf-life/meat/how-long-does-ground-beef-last/support-1200w.avif
/shelf-life/meat/how-long-does-ground-beef-last/,/shelf-life/meat/how-long-does-ground-beef-last/,shelfLife,pinterest,ground-beef-storage-pinterest.webp,"How Long Does Ground Beef Last?: Shelf Life & Storage Guide","Fresh ground beef wrapped airtight and ready for the freezer","","Fresh ground beef portioned and wrapped in airtight freezer packaging on a clean white kitchen counter. Editorial photograph, bright natural light, premium magazine quality.",1000,1500,webp,"How Long Does Ground Beef Last?: Shelf Life & Storage Guide","Fresh ground beef portioned and wrapped in airtight freezer packaging on a clean white kitchen counter. Editorial photograph, bright natural light, premium magazine quality. Fresh ground beef wrapped airtight and ready for the freezer","ground beef shelf life | how long does ground beef last | raw ground beef fridge | how long does cooked ground beef last | ground beef storage | fresh-ground-beef storage | food storage | shelf life","How Long Does Ground Beef Last? — Pin It","Fresh ground beef wrapped airtight and ready for the freezer. Save this shelf-life guide for later. https://homestorageguide.com/shelf-life/meat/how-long-does-ground-beef-last/ #FoodStorage #Meat #ShelfLife","",/images/optimized/shelf-life/meat/how-long-does-ground-beef-last/pin-1600w.avif
/shelf-life/meat/how-long-does-ground-beef-last/,/shelf-life/meat/how-long-does-ground-beef-last/,shelfLife,og,ground-beef-storage-og.jpg,"Fresh ground beef wrapped airtight and ready for the freezer","Fresh ground beef wrapped airtight and ready for the freezer","","Fresh ground beef portioned and wrapped in airtight freezer packaging on a clean white kitchen counter. Editorial photograph, bright natural light, premium magazine quality.",1200,630,jpg,"Fresh ground beef wrapped airtight and ready for the freezer","Fresh ground beef portioned and wrapped in airtight freezer packaging on a clean white kitchen counter. Editorial photograph, bright natural light, premium magazine quality. Fresh ground beef wrapped airtight and ready for the freezer","ground beef shelf life | how long does ground beef last | raw ground beef fridge | how long does cooked ground beef last | ground beef storage | fresh-ground-beef storage | food storage | shelf life","","","",/images/optimized/shelf-life/meat/how-long-does-ground-beef-last/og-1600w.avif
/shelf-life/meat/how-long-does-salmon-last/,/shelf-life/meat/how-long-does-salmon-last/,shelfLife,hero,salmon-storage-hero.avif,"Fresh salmon fillets wrapped airtight and ready for the freezer","Fresh salmon fillets wrapped airtight and ready for the freezer","Airtight storage keeps fresh salmon fillets fresh for its full shelf life.","Fresh salmon fillets portioned and wrapped in airtight freezer packaging on a clean white kitchen counter. Editorial photograph, bright natural light, premium magazine quality.",1600,900,avif,"Fresh salmon fillets wrapped airtight and ready for the freezer","Fresh salmon fillets portioned and wrapped in airtight freezer packaging on a clean white kitchen counter. Editorial photograph, bright natural light, premium magazine quality. Fresh salmon fillets wrapped airtight and ready for the freezer","salmon shelf life | how long does salmon last | raw salmon fridge | how long does cooked salmon last | salmon freezer storage | fresh-salmon-fillets storage | food storage | shelf life","","","salmon-storage-hero-400w.avif 400w | salmon-storage-hero-800w.avif 800w | salmon-storage-hero-1200w.avif 1200w | salmon-storage-hero-1600w.avif 1600w",/images/optimized/shelf-life/meat/how-long-does-salmon-last/hero-1600w.avif
/shelf-life/meat/how-long-does-salmon-last/,/shelf-life/meat/how-long-does-salmon-last/,shelfLife,support,salmon-storage-support-1.avif,"Fresh salmon fillets wrapped airtight and ready for the freezer — supporting storage detail","Fresh salmon fillets wrapped airtight and ready for the freezer — supporting storage detail","Detail: fresh salmon fillets in airtight storage.","Fresh salmon fillets portioned and wrapped in airtight freezer packaging on a clean white kitchen counter. Editorial photograph, bright natural light, premium magazine quality.",1200,675,avif,"Fresh salmon fillets wrapped airtight and ready for the freezer — supporting storage detail","Fresh salmon fillets portioned and wrapped in airtight freezer packaging on a clean white kitchen counter. Editorial photograph, bright natural light, premium magazine quality. Fresh salmon fillets wrapped airtight and ready for the freezer — supporting storage detail","salmon shelf life | how long does salmon last | raw salmon fridge | how long does cooked salmon last | salmon freezer storage | fresh-salmon-fillets storage | food storage | shelf life","","","salmon-storage-support-1-400w.avif 400w | salmon-storage-support-1-800w.avif 800w | salmon-storage-support-1-1200w.avif 1200w",/images/optimized/shelf-life/meat/how-long-does-salmon-last/support-1200w.avif
/shelf-life/meat/how-long-does-salmon-last/,/shelf-life/meat/how-long-does-salmon-last/,shelfLife,pinterest,salmon-storage-pinterest.webp,"How Long Does Salmon Last?: Shelf Life & Storage Guide","Fresh salmon fillets wrapped airtight and ready for the freezer","","Fresh salmon fillets portioned and wrapped in airtight freezer packaging on a clean white kitchen counter. Editorial photograph, bright natural light, premium magazine quality.",1000,1500,webp,"How Long Does Salmon Last?: Shelf Life & Storage Guide","Fresh salmon fillets portioned and wrapped in airtight freezer packaging on a clean white kitchen counter. Editorial photograph, bright natural light, premium magazine quality. Fresh salmon fillets wrapped airtight and ready for the freezer","salmon shelf life | how long does salmon last | raw salmon fridge | how long does cooked salmon last | salmon freezer storage | fresh-salmon-fillets storage | food storage | shelf life","How Long Does Salmon Last? — Pin It","Fresh salmon fillets wrapped airtight and ready for the freezer. Save this shelf-life guide for later. https://homestorageguide.com/shelf-life/meat/how-long-does-salmon-last/ #FoodStorage #Meat #ShelfLife","",/images/optimized/shelf-life/meat/how-long-does-salmon-last/pin-1600w.avif
/shelf-life/meat/how-long-does-salmon-last/,/shelf-life/meat/how-long-does-salmon-last/,shelfLife,og,salmon-storage-og.jpg,"Fresh salmon fillets wrapped airtight and ready for the freezer","Fresh salmon fillets wrapped airtight and ready for the freezer","","Fresh salmon fillets portioned and wrapped in airtight freezer packaging on a clean white kitchen counter. Editorial photograph, bright natural light, premium magazine quality.",1200,630,jpg,"Fresh salmon fillets wrapped airtight and ready for the freezer","Fresh salmon fillets portioned and wrapped in airtight freezer packaging on a clean white kitchen counter. Editorial photograph, bright natural light, premium magazine quality. Fresh salmon fillets wrapped airtight and ready for the freezer","salmon shelf life | how long does salmon last | raw salmon fridge | how long does cooked salmon last | salmon freezer storage | fresh-salmon-fillets storage | food storage | shelf life","","","",/images/optimized/shelf-life/meat/how-long-does-salmon-last/og-1600w.avif
/shelf-life/meat/how-long-does-steak-last/,/shelf-life/meat/how-long-does-steak-last/,shelfLife,hero,steak-storage-hero.avif,"A raw marbled steak wrapped airtight and ready for the freezer","A raw marbled steak wrapped airtight and ready for the freezer","Airtight storage keeps a raw marbled steak fresh for its full shelf life.","A raw marbled steak portioned and wrapped in airtight freezer packaging on a clean white kitchen counter. Editorial photograph, bright natural light, premium magazine quality.",1600,900,avif,"A raw marbled steak wrapped airtight and ready for the freezer","A raw marbled steak portioned and wrapped in airtight freezer packaging on a clean white kitchen counter. Editorial photograph, bright natural light, premium magazine quality. A raw marbled steak wrapped airtight and ready for the freezer","steak shelf life | how long does steak last | raw steak fridge | how long does steak last in the fridge | steak freezer storage | a-raw-marbled-steak storage | food storage | shelf life","","","steak-storage-hero-400w.avif 400w | steak-storage-hero-800w.avif 800w | steak-storage-hero-1200w.avif 1200w | steak-storage-hero-1600w.avif 1600w",/images/optimized/shelf-life/meat/how-long-does-steak-last/hero-1600w.avif
/shelf-life/meat/how-long-does-steak-last/,/shelf-life/meat/how-long-does-steak-last/,shelfLife,support,steak-storage-support-1.avif,"A raw marbled steak wrapped airtight and ready for the freezer — supporting storage detail","A raw marbled steak wrapped airtight and ready for the freezer — supporting storage detail","Detail: a raw marbled steak in airtight storage.","A raw marbled steak portioned and wrapped in airtight freezer packaging on a clean white kitchen counter. Editorial photograph, bright natural light, premium magazine quality.",1200,675,avif,"A raw marbled steak wrapped airtight and ready for the freezer — supporting storage detail","A raw marbled steak portioned and wrapped in airtight freezer packaging on a clean white kitchen counter. Editorial photograph, bright natural light, premium magazine quality. A raw marbled steak wrapped airtight and ready for the freezer — supporting storage detail","steak shelf life | how long does steak last | raw steak fridge | how long does steak last in the fridge | steak freezer storage | a-raw-marbled-steak storage | food storage | shelf life","","","steak-storage-support-1-400w.avif 400w | steak-storage-support-1-800w.avif 800w | steak-storage-support-1-1200w.avif 1200w",/images/optimized/shelf-life/meat/how-long-does-steak-last/support-1200w.avif
/shelf-life/meat/how-long-does-steak-last/,/shelf-life/meat/how-long-does-steak-last/,shelfLife,pinterest,steak-storage-pinterest.webp,"How Long Does Steak Last?: Shelf Life & Storage Guide","A raw marbled steak wrapped airtight and ready for the freezer","","A raw marbled steak portioned and wrapped in airtight freezer packaging on a clean white kitchen counter. Editorial photograph, bright natural light, premium magazine quality.",1000,1500,webp,"How Long Does Steak Last?: Shelf Life & Storage Guide","A raw marbled steak portioned and wrapped in airtight freezer packaging on a clean white kitchen counter. Editorial photograph, bright natural light, premium magazine quality. A raw marbled steak wrapped airtight and ready for the freezer","steak shelf life | how long does steak last | raw steak fridge | how long does steak last in the fridge | steak freezer storage | a-raw-marbled-steak storage | food storage | shelf life","How Long Does Steak Last? — Pin It","A raw marbled steak wrapped airtight and ready for the freezer. Save this shelf-life guide for later. https://homestorageguide.com/shelf-life/meat/how-long-does-steak-last/ #FoodStorage #Meat #ShelfLife","",/images/optimized/shelf-life/meat/how-long-does-steak-last/pin-1600w.avif
/shelf-life/meat/how-long-does-steak-last/,/shelf-life/meat/how-long-does-steak-last/,shelfLife,og,steak-storage-og.jpg,"A raw marbled steak wrapped airtight and ready for the freezer","A raw marbled steak wrapped airtight and ready for the freezer","","A raw marbled steak portioned and wrapped in airtight freezer packaging on a clean white kitchen counter. Editorial photograph, bright natural light, premium magazine quality.",1200,630,jpg,"A raw marbled steak wrapped airtight and ready for the freezer","A raw marbled steak portioned and wrapped in airtight freezer packaging on a clean white kitchen counter. Editorial photograph, bright natural light, premium magazine quality. A raw marbled steak wrapped airtight and ready for the freezer","steak shelf life | how long does steak last | raw steak fridge | how long does steak last in the fridge | steak freezer storage | a-raw-marbled-steak storage | food storage | shelf life","","","",/images/optimized/shelf-life/meat/how-long-does-steak-last/og-1600w.avif
/shelf-life/meat/,/shelf-life/meat/,category,hero,meat-seafood-shelf-life-hero.avif,"Meat portions arranged in a bright, organized pantry","Meat portions arranged in a bright, organized pantry","","Meat portions a tidy arrangement of meat portions in a clean modern refrigerator. Editorial photograph, bright natural light, premium magazine quality.",1600,900,avif,"Meat portions arranged in a bright, organized pantry","Meat portions a tidy arrangement of meat portions in a clean modern refrigerator. Editorial photograph, bright natural light, premium magazine quality. Meat portions arranged in a bright, organized pantry","meat shelf life | chicken shelf life | ground beef shelf life | how long does meat last | meat storage times | meat-portions storage | food storage | shelf life","","","meat-seafood-shelf-life-hero-400w.avif 400w | meat-seafood-shelf-life-hero-800w.avif 800w | meat-seafood-shelf-life-hero-1200w.avif 1200w | meat-seafood-shelf-life-hero-1600w.avif 1600w",/images/optimized/shelf-life/meat/hero-1600w.avif
/shelf-life/meat/,/shelf-life/meat/,category,pinterest,meat-seafood-shelf-life-pinterest.webp,"Meat & Seafood Shelf Life: Shelf Life & Storage Guide","Meat portions arranged in a bright, organized pantry","","Meat portions a tidy arrangement of meat portions in a clean modern refrigerator. Editorial photograph, bright natural light, premium magazine quality.",1000,1500,webp,"Meat & Seafood Shelf Life: Shelf Life & Storage Guide","Meat portions a tidy arrangement of meat portions in a clean modern refrigerator. Editorial photograph, bright natural light, premium magazine quality. Meat portions arranged in a bright, organized pantry","meat shelf life | chicken shelf life | ground beef shelf life | how long does meat last | meat storage times | meat-portions storage | food storage | shelf life","Meat & Seafood Shelf Life — Pin It","Meat portions arranged in a bright, organized pantry. Save this shelf-life guide for later. https://homestorageguide.com/shelf-life/meat/ #FoodStorage #Meat #ShelfLife","",/images/optimized/shelf-life/meat/pin-1600w.avif
/shelf-life/meat/,/shelf-life/meat/,category,og,meat-seafood-shelf-life-og.jpg,"Meat portions arranged in a bright, organized pantry","Meat portions arranged in a bright, organized pantry","","Meat portions a tidy arrangement of meat portions in a clean modern refrigerator. Editorial photograph, bright natural light, premium magazine quality.",1200,630,jpg,"Meat portions arranged in a bright, organized pantry","Meat portions a tidy arrangement of meat portions in a clean modern refrigerator. Editorial photograph, bright natural light, premium magazine quality. Meat portions arranged in a bright, organized pantry","meat shelf life | chicken shelf life | ground beef shelf life | how long does meat last | meat storage times | meat-portions storage | food storage | shelf life","","","",/images/optimized/shelf-life/meat/og-1600w.avif
/shelf-life/pantry/how-long-does-bread-last/,/shelf-life/pantry/how-long-does-bread-last/,shelfLife,hero,bread-storage-hero.avif,"A fresh loaf of bread stored in an airtight glass container on a pantry shelf","A fresh loaf of bread stored in an airtight glass container on a pantry shelf","Airtight storage keeps a fresh loaf of bread fresh for its full shelf life.","A fresh loaf of bread in a clear airtight glass container on a natural wood pantry shelf surrounded by organized jars and canisters. Editorial photograph, bright natural light, pre",1600,900,avif,"A fresh loaf of bread stored in an airtight glass container on a pantry shelf","A fresh loaf of bread in a clear airtight glass container on a natural wood pantry shelf surrounded by organized jars and canisters. Editorial photograph, bright natural light, pre A fresh loaf of bread stored in an airtight glass container on a pantry shelf","bread shelf life | how long does bread last | should bread be refrigerated | how to store bread | freezing bread | a-fresh-loaf-of-bread storage | food storage | shelf life","","","bread-storage-hero-400w.avif 400w | bread-storage-hero-800w.avif 800w | bread-storage-hero-1200w.avif 1200w | bread-storage-hero-1600w.avif 1600w",/images/optimized/shelf-life/pantry/how-long-does-bread-last/hero-1600w.avif
/shelf-life/pantry/how-long-does-bread-last/,/shelf-life/pantry/how-long-does-bread-last/,shelfLife,support,bread-storage-support-1.avif,"A fresh loaf of bread stored in an airtight glass container on a pantry shelf — supporting storage detail","A fresh loaf of bread stored in an airtight glass container on a pantry shelf — supporting storage detail","Detail: a fresh loaf of bread in airtight storage.","A fresh loaf of bread in a clear airtight glass container on a natural wood pantry shelf surrounded by organized jars and canisters. Editorial photograph, bright natural light, pre",1200,675,avif,"A fresh loaf of bread stored in an airtight glass container on a pantry shelf — supporting storage detail","A fresh loaf of bread in a clear airtight glass container on a natural wood pantry shelf surrounded by organized jars and canisters. Editorial photograph, bright natural light, pre A fresh loaf of bread stored in an airtight glass container on a pantry shelf — supporting storage detail","bread shelf life | how long does bread last | should bread be refrigerated | how to store bread | freezing bread | a-fresh-loaf-of-bread storage | food storage | shelf life","","","bread-storage-support-1-400w.avif 400w | bread-storage-support-1-800w.avif 800w | bread-storage-support-1-1200w.avif 1200w",/images/optimized/shelf-life/pantry/how-long-does-bread-last/support-1200w.avif
/shelf-life/pantry/how-long-does-bread-last/,/shelf-life/pantry/how-long-does-bread-last/,shelfLife,pinterest,bread-storage-pinterest.webp,"How Long Does Bread Last?: Shelf Life & Storage Guide","A fresh loaf of bread stored in an airtight glass container on a pantry shelf","","A fresh loaf of bread in a clear airtight glass container on a natural wood pantry shelf surrounded by organized jars and canisters. Editorial photograph, bright natural light, pre",1000,1500,webp,"How Long Does Bread Last?: Shelf Life & Storage Guide","A fresh loaf of bread in a clear airtight glass container on a natural wood pantry shelf surrounded by organized jars and canisters. Editorial photograph, bright natural light, pre A fresh loaf of bread stored in an airtight glass container on a pantry shelf","bread shelf life | how long does bread last | should bread be refrigerated | how to store bread | freezing bread | a-fresh-loaf-of-bread storage | food storage | shelf life","How Long Does Bread Last? — Pin It","A fresh loaf of bread stored in an airtight glass container on a pantry shelf. Save this shelf-life guide for later. https://homestorageguide.com/shelf-life/pantry/how-long-does-bread-last/ #FoodStorage #Pantry #ShelfLife","",/images/optimized/shelf-life/pantry/how-long-does-bread-last/pin-1600w.avif
/shelf-life/pantry/how-long-does-bread-last/,/shelf-life/pantry/how-long-does-bread-last/,shelfLife,og,bread-storage-og.jpg,"A fresh loaf of bread stored in an airtight glass container on a pantry shelf","A fresh loaf of bread stored in an airtight glass container on a pantry shelf","","A fresh loaf of bread in a clear airtight glass container on a natural wood pantry shelf surrounded by organized jars and canisters. Editorial photograph, bright natural light, pre",1200,630,jpg,"A fresh loaf of bread stored in an airtight glass container on a pantry shelf","A fresh loaf of bread in a clear airtight glass container on a natural wood pantry shelf surrounded by organized jars and canisters. Editorial photograph, bright natural light, pre A fresh loaf of bread stored in an airtight glass container on a pantry shelf","bread shelf life | how long does bread last | should bread be refrigerated | how to store bread | freezing bread | a-fresh-loaf-of-bread storage | food storage | shelf life","","","",/images/optimized/shelf-life/pantry/how-long-does-bread-last/og-1600w.avif
/shelf-life/pantry/how-long-does-canned-food-last/,/shelf-life/pantry/how-long-does-canned-food-last/,shelfLife,hero,canned-food-storage-hero.avif,"Food storage cans stored in an airtight glass container on a pantry shelf","Food storage cans stored in an airtight glass container on a pantry shelf","Airtight storage keeps food storage cans fresh for its full shelf life.","Food storage cans in a clear airtight glass container on a natural wood pantry shelf surrounded by organized jars and canisters. Editorial photograph, bright natural light, premium",1600,900,avif,"Food storage cans stored in an airtight glass container on a pantry shelf","Food storage cans in a clear airtight glass container on a natural wood pantry shelf surrounded by organized jars and canisters. Editorial photograph, bright natural light, premium Food storage cans stored in an airtight glass container on a pantry shelf","canned food shelf life | how long does canned food last | does canned food expire | dented can safety | botulism warning signs | food-storage-cans storage | food storage | shelf life","","","canned-food-storage-hero-400w.avif 400w | canned-food-storage-hero-800w.avif 800w | canned-food-storage-hero-1200w.avif 1200w | canned-food-storage-hero-1600w.avif 1600w",/images/optimized/shelf-life/pantry/how-long-does-canned-food-last/hero-1600w.avif
/shelf-life/pantry/how-long-does-canned-food-last/,/shelf-life/pantry/how-long-does-canned-food-last/,shelfLife,support,canned-food-storage-support-1.avif,"Food storage cans stored in an airtight glass container on a pantry shelf — supporting storage detail","Food storage cans stored in an airtight glass container on a pantry shelf — supporting storage detail","Detail: food storage cans in airtight storage.","Food storage cans in a clear airtight glass container on a natural wood pantry shelf surrounded by organized jars and canisters. Editorial photograph, bright natural light, premium",1200,675,avif,"Food storage cans stored in an airtight glass container on a pantry shelf — supporting storage detail","Food storage cans in a clear airtight glass container on a natural wood pantry shelf surrounded by organized jars and canisters. Editorial photograph, bright natural light, premium Food storage cans stored in an airtight glass container on a pantry shelf — supporting storage detail","canned food shelf life | how long does canned food last | does canned food expire | dented can safety | botulism warning signs | food-storage-cans storage | food storage | shelf life","","","canned-food-storage-support-1-400w.avif 400w | canned-food-storage-support-1-800w.avif 800w | canned-food-storage-support-1-1200w.avif 1200w",/images/optimized/shelf-life/pantry/how-long-does-canned-food-last/support-1200w.avif
/shelf-life/pantry/how-long-does-canned-food-last/,/shelf-life/pantry/how-long-does-canned-food-last/,shelfLife,pinterest,canned-food-storage-pinterest.webp,"How Long Does Canned Food Last?: Shelf Life & Storage Guide","Food storage cans stored in an airtight glass container on a pantry shelf","","Food storage cans in a clear airtight glass container on a natural wood pantry shelf surrounded by organized jars and canisters. Editorial photograph, bright natural light, premium",1000,1500,webp,"How Long Does Canned Food Last?: Shelf Life & Storage Guide","Food storage cans in a clear airtight glass container on a natural wood pantry shelf surrounded by organized jars and canisters. Editorial photograph, bright natural light, premium Food storage cans stored in an airtight glass container on a pantry shelf","canned food shelf life | how long does canned food last | does canned food expire | dented can safety | botulism warning signs | food-storage-cans storage | food storage | shelf life","How Long Does Canned Food Last? — Pin It","Food storage cans stored in an airtight glass container on a pantry shelf. Save this shelf-life guide for later. https://homestorageguide.com/shelf-life/pantry/how-long-does-canned-food-last/ #FoodStorage #Pantry #ShelfLife","",/images/optimized/shelf-life/pantry/how-long-does-canned-food-last/pin-1600w.avif
/shelf-life/pantry/how-long-does-canned-food-last/,/shelf-life/pantry/how-long-does-canned-food-last/,shelfLife,og,canned-food-storage-og.jpg,"Food storage cans stored in an airtight glass container on a pantry shelf","Food storage cans stored in an airtight glass container on a pantry shelf","","Food storage cans in a clear airtight glass container on a natural wood pantry shelf surrounded by organized jars and canisters. Editorial photograph, bright natural light, premium",1200,630,jpg,"Food storage cans stored in an airtight glass container on a pantry shelf","Food storage cans in a clear airtight glass container on a natural wood pantry shelf surrounded by organized jars and canisters. Editorial photograph, bright natural light, premium Food storage cans stored in an airtight glass container on a pantry shelf","canned food shelf life | how long does canned food last | does canned food expire | dented can safety | botulism warning signs | food-storage-cans storage | food storage | shelf life","","","",/images/optimized/shelf-life/pantry/how-long-does-canned-food-last/og-1600w.avif
/shelf-life/pantry/how-long-does-coffee-last/,/shelf-life/pantry/how-long-does-coffee-last/,shelfLife,hero,coffee-storage-hero.avif,"Whole coffee beans stored in an airtight glass container on a pantry shelf","Whole coffee beans stored in an airtight glass container on a pantry shelf","Airtight storage keeps whole coffee beans fresh for its full shelf life.","Whole coffee beans in a clear airtight glass container on a natural wood pantry shelf surrounded by organized jars and canisters. Editorial photograph, bright natural light, premiu",1600,900,avif,"Whole coffee beans stored in an airtight glass container on a pantry shelf","Whole coffee beans in a clear airtight glass container on a natural wood pantry shelf surrounded by organized jars and canisters. Editorial photograph, bright natural light, premiu Whole coffee beans stored in an airtight glass container on a pantry shelf","coffee shelf life | how long does coffee last | coffee beans shelf life | ground coffee shelf life | does coffee go stale | whole-coffee-beans storage | food storage | shelf life","","","coffee-storage-hero-400w.avif 400w | coffee-storage-hero-800w.avif 800w | coffee-storage-hero-1200w.avif 1200w | coffee-storage-hero-1600w.avif 1600w",/images/optimized/shelf-life/pantry/how-long-does-coffee-last/hero-1600w.avif
/shelf-life/pantry/how-long-does-coffee-last/,/shelf-life/pantry/how-long-does-coffee-last/,shelfLife,support,coffee-storage-support-1.avif,"Whole coffee beans stored in an airtight glass container on a pantry shelf — supporting storage detail","Whole coffee beans stored in an airtight glass container on a pantry shelf — supporting storage detail","Detail: whole coffee beans in airtight storage.","Whole coffee beans in a clear airtight glass container on a natural wood pantry shelf surrounded by organized jars and canisters. Editorial photograph, bright natural light, premiu",1200,675,avif,"Whole coffee beans stored in an airtight glass container on a pantry shelf — supporting storage detail","Whole coffee beans in a clear airtight glass container on a natural wood pantry shelf surrounded by organized jars and canisters. Editorial photograph, bright natural light, premiu Whole coffee beans stored in an airtight glass container on a pantry shelf — supporting storage detail","coffee shelf life | how long does coffee last | coffee beans shelf life | ground coffee shelf life | does coffee go stale | whole-coffee-beans storage | food storage | shelf life","","","coffee-storage-support-1-400w.avif 400w | coffee-storage-support-1-800w.avif 800w | coffee-storage-support-1-1200w.avif 1200w",/images/optimized/shelf-life/pantry/how-long-does-coffee-last/support-1200w.avif
/shelf-life/pantry/how-long-does-coffee-last/,/shelf-life/pantry/how-long-does-coffee-last/,shelfLife,pinterest,coffee-storage-pinterest.webp,"How Long Does Coffee Last?: Shelf Life & Storage Guide","Whole coffee beans stored in an airtight glass container on a pantry shelf","","Whole coffee beans in a clear airtight glass container on a natural wood pantry shelf surrounded by organized jars and canisters. Editorial photograph, bright natural light, premiu",1000,1500,webp,"How Long Does Coffee Last?: Shelf Life & Storage Guide","Whole coffee beans in a clear airtight glass container on a natural wood pantry shelf surrounded by organized jars and canisters. Editorial photograph, bright natural light, premiu Whole coffee beans stored in an airtight glass container on a pantry shelf","coffee shelf life | how long does coffee last | coffee beans shelf life | ground coffee shelf life | does coffee go stale | whole-coffee-beans storage | food storage | shelf life","How Long Does Coffee Last? — Pin It","Whole coffee beans stored in an airtight glass container on a pantry shelf. Save this shelf-life guide for later. https://homestorageguide.com/shelf-life/pantry/how-long-does-coffee-last/ #FoodStorage #Pantry #ShelfLife","",/images/optimized/shelf-life/pantry/how-long-does-coffee-last/pin-1600w.avif
/shelf-life/pantry/how-long-does-coffee-last/,/shelf-life/pantry/how-long-does-coffee-last/,shelfLife,og,coffee-storage-og.jpg,"Whole coffee beans stored in an airtight glass container on a pantry shelf","Whole coffee beans stored in an airtight glass container on a pantry shelf","","Whole coffee beans in a clear airtight glass container on a natural wood pantry shelf surrounded by organized jars and canisters. Editorial photograph, bright natural light, premiu",1200,630,jpg,"Whole coffee beans stored in an airtight glass container on a pantry shelf","Whole coffee beans in a clear airtight glass container on a natural wood pantry shelf surrounded by organized jars and canisters. Editorial photograph, bright natural light, premiu Whole coffee beans stored in an airtight glass container on a pantry shelf","coffee shelf life | how long does coffee last | coffee beans shelf life | ground coffee shelf life | does coffee go stale | whole-coffee-beans storage | food storage | shelf life","","","",/images/optimized/shelf-life/pantry/how-long-does-coffee-last/og-1600w.avif
/shelf-life/pantry/how-long-does-cooked-rice-last/,/shelf-life/pantry/how-long-does-cooked-rice-last/,shelfLife,hero,cooked-rice-storage-hero.avif,"Steamed rice in a covered glass bowl stored in an airtight glass container on a pantry shelf","Steamed rice in a covered glass bowl stored in an airtight glass container on a pantry shelf","Airtight storage keeps steamed rice in a covered glass bowl fresh for its full shelf life.","Steamed rice in a covered glass bowl in a clear airtight glass container on a natural wood pantry shelf surrounded by organized jars and canisters. Editorial photograph, bright nat",1600,900,avif,"Steamed rice in a covered glass bowl stored in an airtight glass container on a pantry shelf","Steamed rice in a covered glass bowl in a clear airtight glass container on a natural wood pantry shelf surrounded by organized jars and canisters. Editorial photograph, bright nat Steamed rice in a covered glass bowl stored in an airtight glass container on a pantry shelf","cooked rice shelf life | how long does cooked rice last | cooked rice in fridge | can you freeze cooked rice | cooked rice food poisoning | steamed-rice-in-a-covered-glass-bowl storage | food storage | shelf life","","","cooked-rice-storage-hero-400w.avif 400w | cooked-rice-storage-hero-800w.avif 800w | cooked-rice-storage-hero-1200w.avif 1200w | cooked-rice-storage-hero-1600w.avif 1600w",/images/optimized/shelf-life/pantry/how-long-does-cooked-rice-last/hero-1600w.avif
/shelf-life/pantry/how-long-does-cooked-rice-last/,/shelf-life/pantry/how-long-does-cooked-rice-last/,shelfLife,support,cooked-rice-storage-support-1.avif,"Steamed rice in a covered glass bowl stored in an airtight glass container on a pantry shelf — supporting storage detail","Steamed rice in a covered glass bowl stored in an airtight glass container on a pantry shelf — supporting storage detail","Detail: steamed rice in a covered glass bowl in airtight storage.","Steamed rice in a covered glass bowl in a clear airtight glass container on a natural wood pantry shelf surrounded by organized jars and canisters. Editorial photograph, bright nat",1200,675,avif,"Steamed rice in a covered glass bowl stored in an airtight glass container on a pantry shelf — supporting storage detail","Steamed rice in a covered glass bowl in a clear airtight glass container on a natural wood pantry shelf surrounded by organized jars and canisters. Editorial photograph, bright nat Steamed rice in a covered glass bowl stored in an airtight glass container on a pantry shelf — supporting storage detail","cooked rice shelf life | how long does cooked rice last | cooked rice in fridge | can you freeze cooked rice | cooked rice food poisoning | steamed-rice-in-a-covered-glass-bowl storage | food storage | shelf life","","","cooked-rice-storage-support-1-400w.avif 400w | cooked-rice-storage-support-1-800w.avif 800w | cooked-rice-storage-support-1-1200w.avif 1200w",/images/optimized/shelf-life/pantry/how-long-does-cooked-rice-last/support-1200w.avif
/shelf-life/pantry/how-long-does-cooked-rice-last/,/shelf-life/pantry/how-long-does-cooked-rice-last/,shelfLife,pinterest,cooked-rice-storage-pinterest.webp,"How Long Does Cooked Rice Last?: Shelf Life & Storage Guide","Steamed rice in a covered glass bowl stored in an airtight glass container on a pantry shelf","","Steamed rice in a covered glass bowl in a clear airtight glass container on a natural wood pantry shelf surrounded by organized jars and canisters. Editorial photograph, bright nat",1000,1500,webp,"How Long Does Cooked Rice Last?: Shelf Life & Storage Guide","Steamed rice in a covered glass bowl in a clear airtight glass container on a natural wood pantry shelf surrounded by organized jars and canisters. Editorial photograph, bright nat Steamed rice in a covered glass bowl stored in an airtight glass container on a pantry shelf","cooked rice shelf life | how long does cooked rice last | cooked rice in fridge | can you freeze cooked rice | cooked rice food poisoning | steamed-rice-in-a-covered-glass-bowl storage | food storage | shelf life","How Long Does Cooked Rice Last? — Pin It","Steamed rice in a covered glass bowl stored in an airtight glass container on a pantry shelf. Save this shelf-life guide for later. https://homestorageguide.com/shelf-life/pantry/how-long-does-cooked-rice-last/ #FoodStorage #Pantry #ShelfLife","",/images/optimized/shelf-life/pantry/how-long-does-cooked-rice-last/pin-1600w.avif
/shelf-life/pantry/how-long-does-cooked-rice-last/,/shelf-life/pantry/how-long-does-cooked-rice-last/,shelfLife,og,cooked-rice-storage-og.jpg,"Steamed rice in a covered glass bowl stored in an airtight glass container on a pantry shelf","Steamed rice in a covered glass bowl stored in an airtight glass container on a pantry shelf","","Steamed rice in a covered glass bowl in a clear airtight glass container on a natural wood pantry shelf surrounded by organized jars and canisters. Editorial photograph, bright nat",1200,630,jpg,"Steamed rice in a covered glass bowl stored in an airtight glass container on a pantry shelf","Steamed rice in a covered glass bowl in a clear airtight glass container on a natural wood pantry shelf surrounded by organized jars and canisters. Editorial photograph, bright nat Steamed rice in a covered glass bowl stored in an airtight glass container on a pantry shelf","cooked rice shelf life | how long does cooked rice last | cooked rice in fridge | can you freeze cooked rice | cooked rice food poisoning | steamed-rice-in-a-covered-glass-bowl storage | food storage | shelf life","","","",/images/optimized/shelf-life/pantry/how-long-does-cooked-rice-last/og-1600w.avif
/shelf-life/pantry/how-long-does-flour-last/,/shelf-life/pantry/how-long-does-flour-last/,shelfLife,hero,flour-storage-hero.avif,"All-purpose flour stored in an airtight glass container on a pantry shelf","All-purpose flour stored in an airtight glass container on a pantry shelf","Airtight storage keeps all-purpose flour fresh for its full shelf life.","All-purpose flour in a clear airtight glass container on a natural wood pantry shelf surrounded by organized jars and canisters. Editorial photograph, bright natural light, premium",1600,900,avif,"All-purpose flour stored in an airtight glass container on a pantry shelf","All-purpose flour in a clear airtight glass container on a natural wood pantry shelf surrounded by organized jars and canisters. Editorial photograph, bright natural light, premium All-purpose flour stored in an airtight glass container on a pantry shelf","flour shelf life | how long does flour last | whole wheat flour shelf life | can you freeze flour | how to store flour | all-purpose-flour storage | food storage | shelf life","","","flour-storage-hero-400w.avif 400w | flour-storage-hero-800w.avif 800w | flour-storage-hero-1200w.avif 1200w | flour-storage-hero-1600w.avif 1600w",/images/optimized/shelf-life/pantry/how-long-does-flour-last/hero-1600w.avif
/shelf-life/pantry/how-long-does-flour-last/,/shelf-life/pantry/how-long-does-flour-last/,shelfLife,support,flour-storage-support-1.avif,"All-purpose flour stored in an airtight glass container on a pantry shelf — supporting storage detail","All-purpose flour stored in an airtight glass container on a pantry shelf — supporting storage detail","Detail: all-purpose flour in airtight storage.","All-purpose flour in a clear airtight glass container on a natural wood pantry shelf surrounded by organized jars and canisters. Editorial photograph, bright natural light, premium",1200,675,avif,"All-purpose flour stored in an airtight glass container on a pantry shelf — supporting storage detail","All-purpose flour in a clear airtight glass container on a natural wood pantry shelf surrounded by organized jars and canisters. Editorial photograph, bright natural light, premium All-purpose flour stored in an airtight glass container on a pantry shelf — supporting storage detail","flour shelf life | how long does flour last | whole wheat flour shelf life | can you freeze flour | how to store flour | all-purpose-flour storage | food storage | shelf life","","","flour-storage-support-1-400w.avif 400w | flour-storage-support-1-800w.avif 800w | flour-storage-support-1-1200w.avif 1200w",/images/optimized/shelf-life/pantry/how-long-does-flour-last/support-1200w.avif
/shelf-life/pantry/how-long-does-flour-last/,/shelf-life/pantry/how-long-does-flour-last/,shelfLife,pinterest,flour-storage-pinterest.webp,"How Long Does Flour Last?: Shelf Life & Storage Guide","All-purpose flour stored in an airtight glass container on a pantry shelf","","All-purpose flour in a clear airtight glass container on a natural wood pantry shelf surrounded by organized jars and canisters. Editorial photograph, bright natural light, premium",1000,1500,webp,"How Long Does Flour Last?: Shelf Life & Storage Guide","All-purpose flour in a clear airtight glass container on a natural wood pantry shelf surrounded by organized jars and canisters. Editorial photograph, bright natural light, premium All-purpose flour stored in an airtight glass container on a pantry shelf","flour shelf life | how long does flour last | whole wheat flour shelf life | can you freeze flour | how to store flour | all-purpose-flour storage | food storage | shelf life","How Long Does Flour Last? — Pin It","All-purpose flour stored in an airtight glass container on a pantry shelf. Save this shelf-life guide for later. https://homestorageguide.com/shelf-life/pantry/how-long-does-flour-last/ #FoodStorage #Pantry #ShelfLife","",/images/optimized/shelf-life/pantry/how-long-does-flour-last/pin-1600w.avif
/shelf-life/pantry/how-long-does-flour-last/,/shelf-life/pantry/how-long-does-flour-last/,shelfLife,og,flour-storage-og.jpg,"All-purpose flour stored in an airtight glass container on a pantry shelf","All-purpose flour stored in an airtight glass container on a pantry shelf","","All-purpose flour in a clear airtight glass container on a natural wood pantry shelf surrounded by organized jars and canisters. Editorial photograph, bright natural light, premium",1200,630,jpg,"All-purpose flour stored in an airtight glass container on a pantry shelf","All-purpose flour in a clear airtight glass container on a natural wood pantry shelf surrounded by organized jars and canisters. Editorial photograph, bright natural light, premium All-purpose flour stored in an airtight glass container on a pantry shelf","flour shelf life | how long does flour last | whole wheat flour shelf life | can you freeze flour | how to store flour | all-purpose-flour storage | food storage | shelf life","","","",/images/optimized/shelf-life/pantry/how-long-does-flour-last/og-1600w.avif
/shelf-life/pantry/how-long-does-honey-last/,/shelf-life/pantry/how-long-does-honey-last/,shelfLife,hero,honey-storage-hero.avif,"A jar of golden honey stored in an airtight glass container on a pantry shelf","A jar of golden honey stored in an airtight glass container on a pantry shelf","Airtight storage keeps a jar of golden honey fresh for its full shelf life.","A jar of golden honey in a clear airtight glass container on a natural wood pantry shelf surrounded by organized jars and canisters. Editorial photograph, bright natural light, pre",1600,900,avif,"A jar of golden honey stored in an airtight glass container on a pantry shelf","A jar of golden honey in a clear airtight glass container on a natural wood pantry shelf surrounded by organized jars and canisters. Editorial photograph, bright natural light, pre A jar of golden honey stored in an airtight glass container on a pantry shelf","honey shelf life | does honey expire | how long does honey last | crystallized honey | how to store honey | a-jar-of-golden-honey storage | food storage | shelf life","","","honey-storage-hero-400w.avif 400w | honey-storage-hero-800w.avif 800w | honey-storage-hero-1200w.avif 1200w | honey-storage-hero-1600w.avif 1600w",/images/optimized/shelf-life/pantry/how-long-does-honey-last/hero-1600w.avif
/shelf-life/pantry/how-long-does-honey-last/,/shelf-life/pantry/how-long-does-honey-last/,shelfLife,support,honey-storage-support-1.avif,"A jar of golden honey stored in an airtight glass container on a pantry shelf — supporting storage detail","A jar of golden honey stored in an airtight glass container on a pantry shelf — supporting storage detail","Detail: a jar of golden honey in airtight storage.","A jar of golden honey in a clear airtight glass container on a natural wood pantry shelf surrounded by organized jars and canisters. Editorial photograph, bright natural light, pre",1200,675,avif,"A jar of golden honey stored in an airtight glass container on a pantry shelf — supporting storage detail","A jar of golden honey in a clear airtight glass container on a natural wood pantry shelf surrounded by organized jars and canisters. Editorial photograph, bright natural light, pre A jar of golden honey stored in an airtight glass container on a pantry shelf — supporting storage detail","honey shelf life | does honey expire | how long does honey last | crystallized honey | how to store honey | a-jar-of-golden-honey storage | food storage | shelf life","","","honey-storage-support-1-400w.avif 400w | honey-storage-support-1-800w.avif 800w | honey-storage-support-1-1200w.avif 1200w",/images/optimized/shelf-life/pantry/how-long-does-honey-last/support-1200w.avif
/shelf-life/pantry/how-long-does-honey-last/,/shelf-life/pantry/how-long-does-honey-last/,shelfLife,pinterest,honey-storage-pinterest.webp,"How Long Does Honey Last?: Shelf Life & Storage Guide","A jar of golden honey stored in an airtight glass container on a pantry shelf","","A jar of golden honey in a clear airtight glass container on a natural wood pantry shelf surrounded by organized jars and canisters. Editorial photograph, bright natural light, pre",1000,1500,webp,"How Long Does Honey Last?: Shelf Life & Storage Guide","A jar of golden honey in a clear airtight glass container on a natural wood pantry shelf surrounded by organized jars and canisters. Editorial photograph, bright natural light, pre A jar of golden honey stored in an airtight glass container on a pantry shelf","honey shelf life | does honey expire | how long does honey last | crystallized honey | how to store honey | a-jar-of-golden-honey storage | food storage | shelf life","How Long Does Honey Last? — Pin It","A jar of golden honey stored in an airtight glass container on a pantry shelf. Save this shelf-life guide for later. https://homestorageguide.com/shelf-life/pantry/how-long-does-honey-last/ #FoodStorage #Pantry #ShelfLife","",/images/optimized/shelf-life/pantry/how-long-does-honey-last/pin-1600w.avif
/shelf-life/pantry/how-long-does-honey-last/,/shelf-life/pantry/how-long-does-honey-last/,shelfLife,og,honey-storage-og.jpg,"A jar of golden honey stored in an airtight glass container on a pantry shelf","A jar of golden honey stored in an airtight glass container on a pantry shelf","","A jar of golden honey in a clear airtight glass container on a natural wood pantry shelf surrounded by organized jars and canisters. Editorial photograph, bright natural light, pre",1200,630,jpg,"A jar of golden honey stored in an airtight glass container on a pantry shelf","A jar of golden honey in a clear airtight glass container on a natural wood pantry shelf surrounded by organized jars and canisters. Editorial photograph, bright natural light, pre A jar of golden honey stored in an airtight glass container on a pantry shelf","honey shelf life | does honey expire | how long does honey last | crystallized honey | how to store honey | a-jar-of-golden-honey storage | food storage | shelf life","","","",/images/optimized/shelf-life/pantry/how-long-does-honey-last/og-1600w.avif
/shelf-life/pantry/how-long-does-pasta-last/,/shelf-life/pantry/how-long-does-pasta-last/,shelfLife,hero,pasta-storage-hero.avif,"Dried pasta stored in an airtight glass container on a pantry shelf","Dried pasta stored in an airtight glass container on a pantry shelf","Airtight storage keeps dried pasta fresh for its full shelf life.","Dried pasta in a clear airtight glass container on a natural wood pantry shelf surrounded by organized jars and canisters. Editorial photograph, bright natural light, premium magaz",1600,900,avif,"Dried pasta stored in an airtight glass container on a pantry shelf","Dried pasta in a clear airtight glass container on a natural wood pantry shelf surrounded by organized jars and canisters. Editorial photograph, bright natural light, premium magaz Dried pasta stored in an airtight glass container on a pantry shelf","pasta shelf life | how long does pasta last | dry pasta shelf life | how long does cooked pasta last | how to store pasta | dried-pasta storage | food storage | shelf life","","","pasta-storage-hero-400w.avif 400w | pasta-storage-hero-800w.avif 800w | pasta-storage-hero-1200w.avif 1200w | pasta-storage-hero-1600w.avif 1600w",/images/optimized/shelf-life/pantry/how-long-does-pasta-last/hero-1600w.avif
/shelf-life/pantry/how-long-does-pasta-last/,/shelf-life/pantry/how-long-does-pasta-last/,shelfLife,support,pasta-storage-support-1.avif,"Dried pasta stored in an airtight glass container on a pantry shelf — supporting storage detail","Dried pasta stored in an airtight glass container on a pantry shelf — supporting storage detail","Detail: dried pasta in airtight storage.","Dried pasta in a clear airtight glass container on a natural wood pantry shelf surrounded by organized jars and canisters. Editorial photograph, bright natural light, premium magaz",1200,675,avif,"Dried pasta stored in an airtight glass container on a pantry shelf — supporting storage detail","Dried pasta in a clear airtight glass container on a natural wood pantry shelf surrounded by organized jars and canisters. Editorial photograph, bright natural light, premium magaz Dried pasta stored in an airtight glass container on a pantry shelf — supporting storage detail","pasta shelf life | how long does pasta last | dry pasta shelf life | how long does cooked pasta last | how to store pasta | dried-pasta storage | food storage | shelf life","","","pasta-storage-support-1-400w.avif 400w | pasta-storage-support-1-800w.avif 800w | pasta-storage-support-1-1200w.avif 1200w",/images/optimized/shelf-life/pantry/how-long-does-pasta-last/support-1200w.avif
/shelf-life/pantry/how-long-does-pasta-last/,/shelf-life/pantry/how-long-does-pasta-last/,shelfLife,pinterest,pasta-storage-pinterest.webp,"How Long Does Pasta Last?: Shelf Life & Storage Guide","Dried pasta stored in an airtight glass container on a pantry shelf","","Dried pasta in a clear airtight glass container on a natural wood pantry shelf surrounded by organized jars and canisters. Editorial photograph, bright natural light, premium magaz",1000,1500,webp,"How Long Does Pasta Last?: Shelf Life & Storage Guide","Dried pasta in a clear airtight glass container on a natural wood pantry shelf surrounded by organized jars and canisters. Editorial photograph, bright natural light, premium magaz Dried pasta stored in an airtight glass container on a pantry shelf","pasta shelf life | how long does pasta last | dry pasta shelf life | how long does cooked pasta last | how to store pasta | dried-pasta storage | food storage | shelf life","How Long Does Pasta Last? — Pin It","Dried pasta stored in an airtight glass container on a pantry shelf. Save this shelf-life guide for later. https://homestorageguide.com/shelf-life/pantry/how-long-does-pasta-last/ #FoodStorage #Pantry #ShelfLife","",/images/optimized/shelf-life/pantry/how-long-does-pasta-last/pin-1600w.avif
/shelf-life/pantry/how-long-does-pasta-last/,/shelf-life/pantry/how-long-does-pasta-last/,shelfLife,og,pasta-storage-og.jpg,"Dried pasta stored in an airtight glass container on a pantry shelf","Dried pasta stored in an airtight glass container on a pantry shelf","","Dried pasta in a clear airtight glass container on a natural wood pantry shelf surrounded by organized jars and canisters. Editorial photograph, bright natural light, premium magaz",1200,630,jpg,"Dried pasta stored in an airtight glass container on a pantry shelf","Dried pasta in a clear airtight glass container on a natural wood pantry shelf surrounded by organized jars and canisters. Editorial photograph, bright natural light, premium magaz Dried pasta stored in an airtight glass container on a pantry shelf","pasta shelf life | how long does pasta last | dry pasta shelf life | how long does cooked pasta last | how to store pasta | dried-pasta storage | food storage | shelf life","","","",/images/optimized/shelf-life/pantry/how-long-does-pasta-last/og-1600w.avif
/shelf-life/pantry/how-long-does-rice-last/,/shelf-life/pantry/how-long-does-rice-last/,shelfLife,hero,rice-storage-hero.avif,"White rice stored in an airtight glass container on a pantry shelf","White rice stored in an airtight glass container on a pantry shelf","Airtight storage keeps white rice fresh for its full shelf life.","White rice in a clear airtight glass container on a natural wood pantry shelf surrounded by organized jars and canisters. Editorial photograph, bright natural light, premium magazi",1600,900,avif,"White rice stored in an airtight glass container on a pantry shelf","White rice in a clear airtight glass container on a natural wood pantry shelf surrounded by organized jars and canisters. Editorial photograph, bright natural light, premium magazi White rice stored in an airtight glass container on a pantry shelf","rice shelf life | how long does rice last | white rice vs brown rice storage | how to store rice long term | why does brown rice go bad | white-rice storage | food storage | shelf life","","","rice-storage-hero-400w.avif 400w | rice-storage-hero-800w.avif 800w | rice-storage-hero-1200w.avif 1200w | rice-storage-hero-1600w.avif 1600w",/images/optimized/shelf-life/pantry/how-long-does-rice-last/hero-1600w.avif
/shelf-life/pantry/how-long-does-rice-last/,/shelf-life/pantry/how-long-does-rice-last/,shelfLife,support,rice-storage-support-1.avif,"White rice stored in an airtight glass container on a pantry shelf — supporting storage detail","White rice stored in an airtight glass container on a pantry shelf — supporting storage detail","Detail: white rice in airtight storage.","White rice in a clear airtight glass container on a natural wood pantry shelf surrounded by organized jars and canisters. Editorial photograph, bright natural light, premium magazi",1200,675,avif,"White rice stored in an airtight glass container on a pantry shelf — supporting storage detail","White rice in a clear airtight glass container on a natural wood pantry shelf surrounded by organized jars and canisters. Editorial photograph, bright natural light, premium magazi White rice stored in an airtight glass container on a pantry shelf — supporting storage detail","rice shelf life | how long does rice last | white rice vs brown rice storage | how to store rice long term | why does brown rice go bad | white-rice storage | food storage | shelf life","","","rice-storage-support-1-400w.avif 400w | rice-storage-support-1-800w.avif 800w | rice-storage-support-1-1200w.avif 1200w",/images/optimized/shelf-life/pantry/how-long-does-rice-last/support-1200w.avif
/shelf-life/pantry/how-long-does-rice-last/,/shelf-life/pantry/how-long-does-rice-last/,shelfLife,pinterest,rice-storage-pinterest.webp,"How Long Does Rice Last?: Shelf Life & Storage Guide","White rice stored in an airtight glass container on a pantry shelf","","White rice in a clear airtight glass container on a natural wood pantry shelf surrounded by organized jars and canisters. Editorial photograph, bright natural light, premium magazi",1000,1500,webp,"How Long Does Rice Last?: Shelf Life & Storage Guide","White rice in a clear airtight glass container on a natural wood pantry shelf surrounded by organized jars and canisters. Editorial photograph, bright natural light, premium magazi White rice stored in an airtight glass container on a pantry shelf","rice shelf life | how long does rice last | white rice vs brown rice storage | how to store rice long term | why does brown rice go bad | white-rice storage | food storage | shelf life","How Long Does Rice Last? — Pin It","White rice stored in an airtight glass container on a pantry shelf. Save this shelf-life guide for later. https://homestorageguide.com/shelf-life/pantry/how-long-does-rice-last/ #FoodStorage #Pantry #ShelfLife","",/images/optimized/shelf-life/pantry/how-long-does-rice-last/pin-1600w.avif
/shelf-life/pantry/how-long-does-rice-last/,/shelf-life/pantry/how-long-does-rice-last/,shelfLife,og,rice-storage-og.jpg,"White rice stored in an airtight glass container on a pantry shelf","White rice stored in an airtight glass container on a pantry shelf","","White rice in a clear airtight glass container on a natural wood pantry shelf surrounded by organized jars and canisters. Editorial photograph, bright natural light, premium magazi",1200,630,jpg,"White rice stored in an airtight glass container on a pantry shelf","White rice in a clear airtight glass container on a natural wood pantry shelf surrounded by organized jars and canisters. Editorial photograph, bright natural light, premium magazi White rice stored in an airtight glass container on a pantry shelf","rice shelf life | how long does rice last | white rice vs brown rice storage | how to store rice long term | why does brown rice go bad | white-rice storage | food storage | shelf life","","","",/images/optimized/shelf-life/pantry/how-long-does-rice-last/og-1600w.avif
/shelf-life/pantry/,/shelf-life/pantry/,category,hero,pantry-food-shelf-life-hero.avif,"Pantry staples arranged in a bright, organized pantry","Pantry staples arranged in a bright, organized pantry","","Pantry staples a tidy arrangement of pantry staples in a bright modern kitchen pantry. Editorial photograph, bright natural light, premium magazine quality.",1600,900,avif,"Pantry staples arranged in a bright, organized pantry","Pantry staples a tidy arrangement of pantry staples in a bright modern kitchen pantry. Editorial photograph, bright natural light, premium magazine quality. Pantry staples arranged in a bright, organized pantry","pantry food shelf life | dry goods shelf life | how long do pantry staples last | rice shelf life | canned food shelf life | pantry-staples storage | food storage | shelf life","","","pantry-food-shelf-life-hero-400w.avif 400w | pantry-food-shelf-life-hero-800w.avif 800w | pantry-food-shelf-life-hero-1200w.avif 1200w | pantry-food-shelf-life-hero-1600w.avif 1600w",/images/optimized/shelf-life/pantry/hero-1600w.avif
/shelf-life/pantry/,/shelf-life/pantry/,category,pinterest,pantry-food-shelf-life-pinterest.webp,"Pantry Food Shelf Life: Shelf Life & Storage Guide","Pantry staples arranged in a bright, organized pantry","","Pantry staples a tidy arrangement of pantry staples in a bright modern kitchen pantry. Editorial photograph, bright natural light, premium magazine quality.",1000,1500,webp,"Pantry Food Shelf Life: Shelf Life & Storage Guide","Pantry staples a tidy arrangement of pantry staples in a bright modern kitchen pantry. Editorial photograph, bright natural light, premium magazine quality. Pantry staples arranged in a bright, organized pantry","pantry food shelf life | dry goods shelf life | how long do pantry staples last | rice shelf life | canned food shelf life | pantry-staples storage | food storage | shelf life","Pantry Food Shelf Life — Pin It","Pantry staples arranged in a bright, organized pantry. Save this shelf-life guide for later. https://homestorageguide.com/shelf-life/pantry/ #FoodStorage #Pantry #ShelfLife","",/images/optimized/shelf-life/pantry/pin-1600w.avif
/shelf-life/pantry/,/shelf-life/pantry/,category,og,pantry-food-shelf-life-og.jpg,"Pantry staples arranged in a bright, organized pantry","Pantry staples arranged in a bright, organized pantry","","Pantry staples a tidy arrangement of pantry staples in a bright modern kitchen pantry. Editorial photograph, bright natural light, premium magazine quality.",1200,630,jpg,"Pantry staples arranged in a bright, organized pantry","Pantry staples a tidy arrangement of pantry staples in a bright modern kitchen pantry. Editorial photograph, bright natural light, premium magazine quality. Pantry staples arranged in a bright, organized pantry","pantry food shelf life | dry goods shelf life | how long do pantry staples last | rice shelf life | canned food shelf life | pantry-staples storage | food storage | shelf life","","","",/images/optimized/shelf-life/pantry/og-1600w.avif
/shelf-life/produce/how-long-does-apples-last/,/shelf-life/produce/how-long-does-apples-last/,shelfLife,hero,apples-storage-hero.avif,"Crisp apples stored in an airtight glass container on a pantry shelf","Crisp apples stored in an airtight glass container on a pantry shelf","Airtight storage keeps crisp apples fresh for its full shelf life.","Crisp apples in a clear airtight glass container on a natural wood pantry shelf surrounded by organized jars and canisters. Editorial photograph, bright natural light, premium maga",1600,900,avif,"Crisp apples stored in an airtight glass container on a pantry shelf","Crisp apples in a clear airtight glass container on a natural wood pantry shelf surrounded by organized jars and canisters. Editorial photograph, bright natural light, premium maga Crisp apples stored in an airtight glass container on a pantry shelf","apple shelf life | how long do apples last | how to store apples | apples in fridge | freezing apples | crisp-apples storage | food storage | shelf life","","","apples-storage-hero-400w.avif 400w | apples-storage-hero-800w.avif 800w | apples-storage-hero-1200w.avif 1200w | apples-storage-hero-1600w.avif 1600w",/images/optimized/shelf-life/produce/how-long-does-apples-last/hero-1600w.avif
/shelf-life/produce/how-long-does-apples-last/,/shelf-life/produce/how-long-does-apples-last/,shelfLife,support,apples-storage-support-1.avif,"Crisp apples stored in an airtight glass container on a pantry shelf — supporting storage detail","Crisp apples stored in an airtight glass container on a pantry shelf — supporting storage detail","Detail: crisp apples in airtight storage.","Crisp apples in a clear airtight glass container on a natural wood pantry shelf surrounded by organized jars and canisters. Editorial photograph, bright natural light, premium maga",1200,675,avif,"Crisp apples stored in an airtight glass container on a pantry shelf — supporting storage detail","Crisp apples in a clear airtight glass container on a natural wood pantry shelf surrounded by organized jars and canisters. Editorial photograph, bright natural light, premium maga Crisp apples stored in an airtight glass container on a pantry shelf — supporting storage detail","apple shelf life | how long do apples last | how to store apples | apples in fridge | freezing apples | crisp-apples storage | food storage | shelf life","","","apples-storage-support-1-400w.avif 400w | apples-storage-support-1-800w.avif 800w | apples-storage-support-1-1200w.avif 1200w",/images/optimized/shelf-life/produce/how-long-does-apples-last/support-1200w.avif
/shelf-life/produce/how-long-does-apples-last/,/shelf-life/produce/how-long-does-apples-last/,shelfLife,pinterest,apples-storage-pinterest.webp,"How Long Do Apples Last?: Shelf Life & Storage Guide","Crisp apples stored in an airtight glass container on a pantry shelf","","Crisp apples in a clear airtight glass container on a natural wood pantry shelf surrounded by organized jars and canisters. Editorial photograph, bright natural light, premium maga",1000,1500,webp,"How Long Do Apples Last?: Shelf Life & Storage Guide","Crisp apples in a clear airtight glass container on a natural wood pantry shelf surrounded by organized jars and canisters. Editorial photograph, bright natural light, premium maga Crisp apples stored in an airtight glass container on a pantry shelf","apple shelf life | how long do apples last | how to store apples | apples in fridge | freezing apples | crisp-apples storage | food storage | shelf life","How Long Do Apples Last? — Pin It","Crisp apples stored in an airtight glass container on a pantry shelf. Save this shelf-life guide for later. https://homestorageguide.com/shelf-life/produce/how-long-does-apples-last/ #FoodStorage #Produce #ShelfLife","",/images/optimized/shelf-life/produce/how-long-does-apples-last/pin-1600w.avif
/shelf-life/produce/how-long-does-apples-last/,/shelf-life/produce/how-long-does-apples-last/,shelfLife,og,apples-storage-og.jpg,"Crisp apples stored in an airtight glass container on a pantry shelf","Crisp apples stored in an airtight glass container on a pantry shelf","","Crisp apples in a clear airtight glass container on a natural wood pantry shelf surrounded by organized jars and canisters. Editorial photograph, bright natural light, premium maga",1200,630,jpg,"Crisp apples stored in an airtight glass container on a pantry shelf","Crisp apples in a clear airtight glass container on a natural wood pantry shelf surrounded by organized jars and canisters. Editorial photograph, bright natural light, premium maga Crisp apples stored in an airtight glass container on a pantry shelf","apple shelf life | how long do apples last | how to store apples | apples in fridge | freezing apples | crisp-apples storage | food storage | shelf life","","","",/images/optimized/shelf-life/produce/how-long-does-apples-last/og-1600w.avif
/shelf-life/produce/how-long-does-bananas-last/,/shelf-life/produce/how-long-does-bananas-last/,shelfLife,hero,bananas-storage-hero.avif,"Ripe bananas stored in an airtight glass container on a pantry shelf","Ripe bananas stored in an airtight glass container on a pantry shelf","Airtight storage keeps ripe bananas fresh for its full shelf life.","Ripe bananas in a clear airtight glass container on a natural wood pantry shelf surrounded by organized jars and canisters. Editorial photograph, bright natural light, premium maga",1600,900,avif,"Ripe bananas stored in an airtight glass container on a pantry shelf","Ripe bananas in a clear airtight glass container on a natural wood pantry shelf surrounded by organized jars and canisters. Editorial photograph, bright natural light, premium maga Ripe bananas stored in an airtight glass container on a pantry shelf","banana shelf life | how long do bananas last | how to keep bananas fresh | bananas in fridge | freezing bananas | ripe-bananas storage | food storage | shelf life","","","bananas-storage-hero-400w.avif 400w | bananas-storage-hero-800w.avif 800w | bananas-storage-hero-1200w.avif 1200w | bananas-storage-hero-1600w.avif 1600w",/images/optimized/shelf-life/produce/how-long-does-bananas-last/hero-1600w.avif
/shelf-life/produce/how-long-does-bananas-last/,/shelf-life/produce/how-long-does-bananas-last/,shelfLife,support,bananas-storage-support-1.avif,"Ripe bananas stored in an airtight glass container on a pantry shelf — supporting storage detail","Ripe bananas stored in an airtight glass container on a pantry shelf — supporting storage detail","Detail: ripe bananas in airtight storage.","Ripe bananas in a clear airtight glass container on a natural wood pantry shelf surrounded by organized jars and canisters. Editorial photograph, bright natural light, premium maga",1200,675,avif,"Ripe bananas stored in an airtight glass container on a pantry shelf — supporting storage detail","Ripe bananas in a clear airtight glass container on a natural wood pantry shelf surrounded by organized jars and canisters. Editorial photograph, bright natural light, premium maga Ripe bananas stored in an airtight glass container on a pantry shelf — supporting storage detail","banana shelf life | how long do bananas last | how to keep bananas fresh | bananas in fridge | freezing bananas | ripe-bananas storage | food storage | shelf life","","","bananas-storage-support-1-400w.avif 400w | bananas-storage-support-1-800w.avif 800w | bananas-storage-support-1-1200w.avif 1200w",/images/optimized/shelf-life/produce/how-long-does-bananas-last/support-1200w.avif
/shelf-life/produce/how-long-does-bananas-last/,/shelf-life/produce/how-long-does-bananas-last/,shelfLife,pinterest,bananas-storage-pinterest.webp,"How Long Do Bananas Last?: Shelf Life & Storage Guide","Ripe bananas stored in an airtight glass container on a pantry shelf","","Ripe bananas in a clear airtight glass container on a natural wood pantry shelf surrounded by organized jars and canisters. Editorial photograph, bright natural light, premium maga",1000,1500,webp,"How Long Do Bananas Last?: Shelf Life & Storage Guide","Ripe bananas in a clear airtight glass container on a natural wood pantry shelf surrounded by organized jars and canisters. Editorial photograph, bright natural light, premium maga Ripe bananas stored in an airtight glass container on a pantry shelf","banana shelf life | how long do bananas last | how to keep bananas fresh | bananas in fridge | freezing bananas | ripe-bananas storage | food storage | shelf life","How Long Do Bananas Last? — Pin It","Ripe bananas stored in an airtight glass container on a pantry shelf. Save this shelf-life guide for later. https://homestorageguide.com/shelf-life/produce/how-long-does-bananas-last/ #FoodStorage #Produce #ShelfLife","",/images/optimized/shelf-life/produce/how-long-does-bananas-last/pin-1600w.avif
/shelf-life/produce/how-long-does-bananas-last/,/shelf-life/produce/how-long-does-bananas-last/,shelfLife,og,bananas-storage-og.jpg,"Ripe bananas stored in an airtight glass container on a pantry shelf","Ripe bananas stored in an airtight glass container on a pantry shelf","","Ripe bananas in a clear airtight glass container on a natural wood pantry shelf surrounded by organized jars and canisters. Editorial photograph, bright natural light, premium maga",1200,630,jpg,"Ripe bananas stored in an airtight glass container on a pantry shelf","Ripe bananas in a clear airtight glass container on a natural wood pantry shelf surrounded by organized jars and canisters. Editorial photograph, bright natural light, premium maga Ripe bananas stored in an airtight glass container on a pantry shelf","banana shelf life | how long do bananas last | how to keep bananas fresh | bananas in fridge | freezing bananas | ripe-bananas storage | food storage | shelf life","","","",/images/optimized/shelf-life/produce/how-long-does-bananas-last/og-1600w.avif
/shelf-life/produce/how-long-does-lettuce-last/,/shelf-life/produce/how-long-does-lettuce-last/,shelfLife,hero,lettuce-storage-hero.avif,"Crisp green lettuce stored in an airtight glass container on a pantry shelf","Crisp green lettuce stored in an airtight glass container on a pantry shelf","Airtight storage keeps crisp green lettuce fresh for its full shelf life.","Crisp green lettuce in a clear airtight glass container on a natural wood pantry shelf surrounded by organized jars and canisters. Editorial photograph, bright natural light, premi",1600,900,avif,"Crisp green lettuce stored in an airtight glass container on a pantry shelf","Crisp green lettuce in a clear airtight glass container on a natural wood pantry shelf surrounded by organized jars and canisters. Editorial photograph, bright natural light, premi Crisp green lettuce stored in an airtight glass container on a pantry shelf","lettuce shelf life | how long does lettuce last | how to keep lettuce fresh | why does lettuce wilt | romaine lettuce storage | crisp-green-lettuce storage | food storage | shelf life","","","lettuce-storage-hero-400w.avif 400w | lettuce-storage-hero-800w.avif 800w | lettuce-storage-hero-1200w.avif 1200w | lettuce-storage-hero-1600w.avif 1600w",/images/optimized/shelf-life/produce/how-long-does-lettuce-last/hero-1600w.avif
/shelf-life/produce/how-long-does-lettuce-last/,/shelf-life/produce/how-long-does-lettuce-last/,shelfLife,support,lettuce-storage-support-1.avif,"Crisp green lettuce stored in an airtight glass container on a pantry shelf — supporting storage detail","Crisp green lettuce stored in an airtight glass container on a pantry shelf — supporting storage detail","Detail: crisp green lettuce in airtight storage.","Crisp green lettuce in a clear airtight glass container on a natural wood pantry shelf surrounded by organized jars and canisters. Editorial photograph, bright natural light, premi",1200,675,avif,"Crisp green lettuce stored in an airtight glass container on a pantry shelf — supporting storage detail","Crisp green lettuce in a clear airtight glass container on a natural wood pantry shelf surrounded by organized jars and canisters. Editorial photograph, bright natural light, premi Crisp green lettuce stored in an airtight glass container on a pantry shelf — supporting storage detail","lettuce shelf life | how long does lettuce last | how to keep lettuce fresh | why does lettuce wilt | romaine lettuce storage | crisp-green-lettuce storage | food storage | shelf life","","","lettuce-storage-support-1-400w.avif 400w | lettuce-storage-support-1-800w.avif 800w | lettuce-storage-support-1-1200w.avif 1200w",/images/optimized/shelf-life/produce/how-long-does-lettuce-last/support-1200w.avif
/shelf-life/produce/how-long-does-lettuce-last/,/shelf-life/produce/how-long-does-lettuce-last/,shelfLife,pinterest,lettuce-storage-pinterest.webp,"How Long Does Lettuce Last?: Shelf Life & Storage Guide","Crisp green lettuce stored in an airtight glass container on a pantry shelf","","Crisp green lettuce in a clear airtight glass container on a natural wood pantry shelf surrounded by organized jars and canisters. Editorial photograph, bright natural light, premi",1000,1500,webp,"How Long Does Lettuce Last?: Shelf Life & Storage Guide","Crisp green lettuce in a clear airtight glass container on a natural wood pantry shelf surrounded by organized jars and canisters. Editorial photograph, bright natural light, premi Crisp green lettuce stored in an airtight glass container on a pantry shelf","lettuce shelf life | how long does lettuce last | how to keep lettuce fresh | why does lettuce wilt | romaine lettuce storage | crisp-green-lettuce storage | food storage | shelf life","How Long Does Lettuce Last? — Pin It","Crisp green lettuce stored in an airtight glass container on a pantry shelf. Save this shelf-life guide for later. https://homestorageguide.com/shelf-life/produce/how-long-does-lettuce-last/ #FoodStorage #Produce #ShelfLife","",/images/optimized/shelf-life/produce/how-long-does-lettuce-last/pin-1600w.avif
/shelf-life/produce/how-long-does-lettuce-last/,/shelf-life/produce/how-long-does-lettuce-last/,shelfLife,og,lettuce-storage-og.jpg,"Crisp green lettuce stored in an airtight glass container on a pantry shelf","Crisp green lettuce stored in an airtight glass container on a pantry shelf","","Crisp green lettuce in a clear airtight glass container on a natural wood pantry shelf surrounded by organized jars and canisters. Editorial photograph, bright natural light, premi",1200,630,jpg,"Crisp green lettuce stored in an airtight glass container on a pantry shelf","Crisp green lettuce in a clear airtight glass container on a natural wood pantry shelf surrounded by organized jars and canisters. Editorial photograph, bright natural light, premi Crisp green lettuce stored in an airtight glass container on a pantry shelf","lettuce shelf life | how long does lettuce last | how to keep lettuce fresh | why does lettuce wilt | romaine lettuce storage | crisp-green-lettuce storage | food storage | shelf life","","","",/images/optimized/shelf-life/produce/how-long-does-lettuce-last/og-1600w.avif
/shelf-life/produce/how-long-does-mushrooms-last/,/shelf-life/produce/how-long-does-mushrooms-last/,shelfLife,hero,mushrooms-storage-hero.avif,"Fresh button mushrooms stored in an airtight glass container on a pantry shelf","Fresh button mushrooms stored in an airtight glass container on a pantry shelf","Airtight storage keeps fresh button mushrooms fresh for its full shelf life.","Fresh button mushrooms in a clear airtight glass container on a natural wood pantry shelf surrounded by organized jars and canisters. Editorial photograph, bright natural light, pr",1600,900,avif,"Fresh button mushrooms stored in an airtight glass container on a pantry shelf","Fresh button mushrooms in a clear airtight glass container on a natural wood pantry shelf surrounded by organized jars and canisters. Editorial photograph, bright natural light, pr Fresh button mushrooms stored in an airtight glass container on a pantry shelf","mushroom shelf life | how long do mushrooms last | how to store mushrooms | mushrooms in paper bag | why do mushrooms get slimy | fresh-button-mushrooms storage | food storage | shelf life","","","mushrooms-storage-hero-400w.avif 400w | mushrooms-storage-hero-800w.avif 800w | mushrooms-storage-hero-1200w.avif 1200w | mushrooms-storage-hero-1600w.avif 1600w",/images/optimized/shelf-life/produce/how-long-does-mushrooms-last/hero-1600w.avif
/shelf-life/produce/how-long-does-mushrooms-last/,/shelf-life/produce/how-long-does-mushrooms-last/,shelfLife,support,mushrooms-storage-support-1.avif,"Fresh button mushrooms stored in an airtight glass container on a pantry shelf — supporting storage detail","Fresh button mushrooms stored in an airtight glass container on a pantry shelf — supporting storage detail","Detail: fresh button mushrooms in airtight storage.","Fresh button mushrooms in a clear airtight glass container on a natural wood pantry shelf surrounded by organized jars and canisters. Editorial photograph, bright natural light, pr",1200,675,avif,"Fresh button mushrooms stored in an airtight glass container on a pantry shelf — supporting storage detail","Fresh button mushrooms in a clear airtight glass container on a natural wood pantry shelf surrounded by organized jars and canisters. Editorial photograph, bright natural light, pr Fresh button mushrooms stored in an airtight glass container on a pantry shelf — supporting storage detail","mushroom shelf life | how long do mushrooms last | how to store mushrooms | mushrooms in paper bag | why do mushrooms get slimy | fresh-button-mushrooms storage | food storage | shelf life","","","mushrooms-storage-support-1-400w.avif 400w | mushrooms-storage-support-1-800w.avif 800w | mushrooms-storage-support-1-1200w.avif 1200w",/images/optimized/shelf-life/produce/how-long-does-mushrooms-last/support-1200w.avif
/shelf-life/produce/how-long-does-mushrooms-last/,/shelf-life/produce/how-long-does-mushrooms-last/,shelfLife,pinterest,mushrooms-storage-pinterest.webp,"How Long Do Mushrooms Last?: Shelf Life & Storage Guide","Fresh button mushrooms stored in an airtight glass container on a pantry shelf","","Fresh button mushrooms in a clear airtight glass container on a natural wood pantry shelf surrounded by organized jars and canisters. Editorial photograph, bright natural light, pr",1000,1500,webp,"How Long Do Mushrooms Last?: Shelf Life & Storage Guide","Fresh button mushrooms in a clear airtight glass container on a natural wood pantry shelf surrounded by organized jars and canisters. Editorial photograph, bright natural light, pr Fresh button mushrooms stored in an airtight glass container on a pantry shelf","mushroom shelf life | how long do mushrooms last | how to store mushrooms | mushrooms in paper bag | why do mushrooms get slimy | fresh-button-mushrooms storage | food storage | shelf life","How Long Do Mushrooms Last? — Pin It","Fresh button mushrooms stored in an airtight glass container on a pantry shelf. Save this shelf-life guide for later. https://homestorageguide.com/shelf-life/produce/how-long-does-mushrooms-last/ #FoodStorage #Produce #ShelfLife","",/images/optimized/shelf-life/produce/how-long-does-mushrooms-last/pin-1600w.avif
/shelf-life/produce/how-long-does-mushrooms-last/,/shelf-life/produce/how-long-does-mushrooms-last/,shelfLife,og,mushrooms-storage-og.jpg,"Fresh button mushrooms stored in an airtight glass container on a pantry shelf","Fresh button mushrooms stored in an airtight glass container on a pantry shelf","","Fresh button mushrooms in a clear airtight glass container on a natural wood pantry shelf surrounded by organized jars and canisters. Editorial photograph, bright natural light, pr",1200,630,jpg,"Fresh button mushrooms stored in an airtight glass container on a pantry shelf","Fresh button mushrooms in a clear airtight glass container on a natural wood pantry shelf surrounded by organized jars and canisters. Editorial photograph, bright natural light, pr Fresh button mushrooms stored in an airtight glass container on a pantry shelf","mushroom shelf life | how long do mushrooms last | how to store mushrooms | mushrooms in paper bag | why do mushrooms get slimy | fresh-button-mushrooms storage | food storage | shelf life","","","",/images/optimized/shelf-life/produce/how-long-does-mushrooms-last/og-1600w.avif
/shelf-life/produce/how-long-does-onions-last/,/shelf-life/produce/how-long-does-onions-last/,shelfLife,hero,onions-storage-hero.avif,"Onions in a mesh bag stored in an airtight glass container on a pantry shelf","Onions in a mesh bag stored in an airtight glass container on a pantry shelf","Airtight storage keeps onions in a mesh bag fresh for its full shelf life.","Onions in a mesh bag in a clear airtight glass container on a natural wood pantry shelf surrounded by organized jars and canisters. Editorial photograph, bright natural light, prem",1600,900,avif,"Onions in a mesh bag stored in an airtight glass container on a pantry shelf","Onions in a mesh bag in a clear airtight glass container on a natural wood pantry shelf surrounded by organized jars and canisters. Editorial photograph, bright natural light, prem Onions in a mesh bag stored in an airtight glass container on a pantry shelf","onion shelf life | how long do onions last | how to store onions | cut onion in fridge | why do onions sprout | onions-in-a-mesh-bag storage | food storage | shelf life","","","onions-storage-hero-400w.avif 400w | onions-storage-hero-800w.avif 800w | onions-storage-hero-1200w.avif 1200w | onions-storage-hero-1600w.avif 1600w",/images/optimized/shelf-life/produce/how-long-does-onions-last/hero-1600w.avif
/shelf-life/produce/how-long-does-onions-last/,/shelf-life/produce/how-long-does-onions-last/,shelfLife,support,onions-storage-support-1.avif,"Onions in a mesh bag stored in an airtight glass container on a pantry shelf — supporting storage detail","Onions in a mesh bag stored in an airtight glass container on a pantry shelf — supporting storage detail","Detail: onions in a mesh bag in airtight storage.","Onions in a mesh bag in a clear airtight glass container on a natural wood pantry shelf surrounded by organized jars and canisters. Editorial photograph, bright natural light, prem",1200,675,avif,"Onions in a mesh bag stored in an airtight glass container on a pantry shelf — supporting storage detail","Onions in a mesh bag in a clear airtight glass container on a natural wood pantry shelf surrounded by organized jars and canisters. Editorial photograph, bright natural light, prem Onions in a mesh bag stored in an airtight glass container on a pantry shelf — supporting storage detail","onion shelf life | how long do onions last | how to store onions | cut onion in fridge | why do onions sprout | onions-in-a-mesh-bag storage | food storage | shelf life","","","onions-storage-support-1-400w.avif 400w | onions-storage-support-1-800w.avif 800w | onions-storage-support-1-1200w.avif 1200w",/images/optimized/shelf-life/produce/how-long-does-onions-last/support-1200w.avif
/shelf-life/produce/how-long-does-onions-last/,/shelf-life/produce/how-long-does-onions-last/,shelfLife,pinterest,onions-storage-pinterest.webp,"How Long Do Onions Last?: Shelf Life & Storage Guide","Onions in a mesh bag stored in an airtight glass container on a pantry shelf","","Onions in a mesh bag in a clear airtight glass container on a natural wood pantry shelf surrounded by organized jars and canisters. Editorial photograph, bright natural light, prem",1000,1500,webp,"How Long Do Onions Last?: Shelf Life & Storage Guide","Onions in a mesh bag in a clear airtight glass container on a natural wood pantry shelf surrounded by organized jars and canisters. Editorial photograph, bright natural light, prem Onions in a mesh bag stored in an airtight glass container on a pantry shelf","onion shelf life | how long do onions last | how to store onions | cut onion in fridge | why do onions sprout | onions-in-a-mesh-bag storage | food storage | shelf life","How Long Do Onions Last? — Pin It","Onions in a mesh bag stored in an airtight glass container on a pantry shelf. Save this shelf-life guide for later. https://homestorageguide.com/shelf-life/produce/how-long-does-onions-last/ #FoodStorage #Produce #ShelfLife","",/images/optimized/shelf-life/produce/how-long-does-onions-last/pin-1600w.avif
/shelf-life/produce/how-long-does-onions-last/,/shelf-life/produce/how-long-does-onions-last/,shelfLife,og,onions-storage-og.jpg,"Onions in a mesh bag stored in an airtight glass container on a pantry shelf","Onions in a mesh bag stored in an airtight glass container on a pantry shelf","","Onions in a mesh bag in a clear airtight glass container on a natural wood pantry shelf surrounded by organized jars and canisters. Editorial photograph, bright natural light, prem",1200,630,jpg,"Onions in a mesh bag stored in an airtight glass container on a pantry shelf","Onions in a mesh bag in a clear airtight glass container on a natural wood pantry shelf surrounded by organized jars and canisters. Editorial photograph, bright natural light, prem Onions in a mesh bag stored in an airtight glass container on a pantry shelf","onion shelf life | how long do onions last | how to store onions | cut onion in fridge | why do onions sprout | onions-in-a-mesh-bag storage | food storage | shelf life","","","",/images/optimized/shelf-life/produce/how-long-does-onions-last/og-1600w.avif
/shelf-life/produce/how-long-does-potatoes-last/,/shelf-life/produce/how-long-does-potatoes-last/,shelfLife,hero,potatoes-storage-hero.avif,"Potatoes in a burlap sack stored in an airtight glass container on a pantry shelf","Potatoes in a burlap sack stored in an airtight glass container on a pantry shelf","Airtight storage keeps potatoes in a burlap sack fresh for its full shelf life.","Potatoes in a burlap sack in a clear airtight glass container on a natural wood pantry shelf surrounded by organized jars and canisters. Editorial photograph, bright natural light,",1600,900,avif,"Potatoes in a burlap sack stored in an airtight glass container on a pantry shelf","Potatoes in a burlap sack in a clear airtight glass container on a natural wood pantry shelf surrounded by organized jars and canisters. Editorial photograph, bright natural light, Potatoes in a burlap sack stored in an airtight glass container on a pantry shelf","potato shelf life | how long do potatoes last | should potatoes be refrigerated | why do potatoes sprout | how to store potatoes | potatoes-in-a-burlap-sack storage | food storage | shelf life","","","potatoes-storage-hero-400w.avif 400w | potatoes-storage-hero-800w.avif 800w | potatoes-storage-hero-1200w.avif 1200w | potatoes-storage-hero-1600w.avif 1600w",/images/optimized/shelf-life/produce/how-long-does-potatoes-last/hero-1600w.avif
/shelf-life/produce/how-long-does-potatoes-last/,/shelf-life/produce/how-long-does-potatoes-last/,shelfLife,support,potatoes-storage-support-1.avif,"Potatoes in a burlap sack stored in an airtight glass container on a pantry shelf — supporting storage detail","Potatoes in a burlap sack stored in an airtight glass container on a pantry shelf — supporting storage detail","Detail: potatoes in a burlap sack in airtight storage.","Potatoes in a burlap sack in a clear airtight glass container on a natural wood pantry shelf surrounded by organized jars and canisters. Editorial photograph, bright natural light,",1200,675,avif,"Potatoes in a burlap sack stored in an airtight glass container on a pantry shelf — supporting storage detail","Potatoes in a burlap sack in a clear airtight glass container on a natural wood pantry shelf surrounded by organized jars and canisters. Editorial photograph, bright natural light, Potatoes in a burlap sack stored in an airtight glass container on a pantry shelf — supporting storage detail","potato shelf life | how long do potatoes last | should potatoes be refrigerated | why do potatoes sprout | how to store potatoes | potatoes-in-a-burlap-sack storage | food storage | shelf life","","","potatoes-storage-support-1-400w.avif 400w | potatoes-storage-support-1-800w.avif 800w | potatoes-storage-support-1-1200w.avif 1200w",/images/optimized/shelf-life/produce/how-long-does-potatoes-last/support-1200w.avif
/shelf-life/produce/how-long-does-potatoes-last/,/shelf-life/produce/how-long-does-potatoes-last/,shelfLife,pinterest,potatoes-storage-pinterest.webp,"How Long Do Potatoes Last?: Shelf Life & Storage Guide","Potatoes in a burlap sack stored in an airtight glass container on a pantry shelf","","Potatoes in a burlap sack in a clear airtight glass container on a natural wood pantry shelf surrounded by organized jars and canisters. Editorial photograph, bright natural light,",1000,1500,webp,"How Long Do Potatoes Last?: Shelf Life & Storage Guide","Potatoes in a burlap sack in a clear airtight glass container on a natural wood pantry shelf surrounded by organized jars and canisters. Editorial photograph, bright natural light, Potatoes in a burlap sack stored in an airtight glass container on a pantry shelf","potato shelf life | how long do potatoes last | should potatoes be refrigerated | why do potatoes sprout | how to store potatoes | potatoes-in-a-burlap-sack storage | food storage | shelf life","How Long Do Potatoes Last? — Pin It","Potatoes in a burlap sack stored in an airtight glass container on a pantry shelf. Save this shelf-life guide for later. https://homestorageguide.com/shelf-life/produce/how-long-does-potatoes-last/ #FoodStorage #Produce #ShelfLife","",/images/optimized/shelf-life/produce/how-long-does-potatoes-last/pin-1600w.avif
/shelf-life/produce/how-long-does-potatoes-last/,/shelf-life/produce/how-long-does-potatoes-last/,shelfLife,og,potatoes-storage-og.jpg,"Potatoes in a burlap sack stored in an airtight glass container on a pantry shelf","Potatoes in a burlap sack stored in an airtight glass container on a pantry shelf","","Potatoes in a burlap sack in a clear airtight glass container on a natural wood pantry shelf surrounded by organized jars and canisters. Editorial photograph, bright natural light,",1200,630,jpg,"Potatoes in a burlap sack stored in an airtight glass container on a pantry shelf","Potatoes in a burlap sack in a clear airtight glass container on a natural wood pantry shelf surrounded by organized jars and canisters. Editorial photograph, bright natural light, Potatoes in a burlap sack stored in an airtight glass container on a pantry shelf","potato shelf life | how long do potatoes last | should potatoes be refrigerated | why do potatoes sprout | how to store potatoes | potatoes-in-a-burlap-sack storage | food storage | shelf life","","","",/images/optimized/shelf-life/produce/how-long-does-potatoes-last/og-1600w.avif
/shelf-life/produce/how-long-does-strawberries-last/,/shelf-life/produce/how-long-does-strawberries-last/,shelfLife,hero,strawberries-storage-hero.avif,"Fresh strawberries stored in an airtight glass container on a pantry shelf","Fresh strawberries stored in an airtight glass container on a pantry shelf","Airtight storage keeps fresh strawberries fresh for its full shelf life.","Fresh strawberries in a clear airtight glass container on a natural wood pantry shelf surrounded by organized jars and canisters. Editorial photograph, bright natural light, premiu",1600,900,avif,"Fresh strawberries stored in an airtight glass container on a pantry shelf","Fresh strawberries in a clear airtight glass container on a natural wood pantry shelf surrounded by organized jars and canisters. Editorial photograph, bright natural light, premiu Fresh strawberries stored in an airtight glass container on a pantry shelf","strawberry shelf life | how long do strawberries last | how to keep strawberries fresh | why do strawberries mold | freezing strawberries | fresh-strawberries storage | food storage | shelf life","","","strawberries-storage-hero-400w.avif 400w | strawberries-storage-hero-800w.avif 800w | strawberries-storage-hero-1200w.avif 1200w | strawberries-storage-hero-1600w.avif 1600w",/images/optimized/shelf-life/produce/how-long-does-strawberries-last/hero-1600w.avif
/shelf-life/produce/how-long-does-strawberries-last/,/shelf-life/produce/how-long-does-strawberries-last/,shelfLife,support,strawberries-storage-support-1.avif,"Fresh strawberries stored in an airtight glass container on a pantry shelf — supporting storage detail","Fresh strawberries stored in an airtight glass container on a pantry shelf — supporting storage detail","Detail: fresh strawberries in airtight storage.","Fresh strawberries in a clear airtight glass container on a natural wood pantry shelf surrounded by organized jars and canisters. Editorial photograph, bright natural light, premiu",1200,675,avif,"Fresh strawberries stored in an airtight glass container on a pantry shelf — supporting storage detail","Fresh strawberries in a clear airtight glass container on a natural wood pantry shelf surrounded by organized jars and canisters. Editorial photograph, bright natural light, premiu Fresh strawberries stored in an airtight glass container on a pantry shelf — supporting storage detail","strawberry shelf life | how long do strawberries last | how to keep strawberries fresh | why do strawberries mold | freezing strawberries | fresh-strawberries storage | food storage | shelf life","","","strawberries-storage-support-1-400w.avif 400w | strawberries-storage-support-1-800w.avif 800w | strawberries-storage-support-1-1200w.avif 1200w",/images/optimized/shelf-life/produce/how-long-does-strawberries-last/support-1200w.avif
/shelf-life/produce/how-long-does-strawberries-last/,/shelf-life/produce/how-long-does-strawberries-last/,shelfLife,pinterest,strawberries-storage-pinterest.webp,"How Long Do Strawberries Last?: Shelf Life & Storage Guide","Fresh strawberries stored in an airtight glass container on a pantry shelf","","Fresh strawberries in a clear airtight glass container on a natural wood pantry shelf surrounded by organized jars and canisters. Editorial photograph, bright natural light, premiu",1000,1500,webp,"How Long Do Strawberries Last?: Shelf Life & Storage Guide","Fresh strawberries in a clear airtight glass container on a natural wood pantry shelf surrounded by organized jars and canisters. Editorial photograph, bright natural light, premiu Fresh strawberries stored in an airtight glass container on a pantry shelf","strawberry shelf life | how long do strawberries last | how to keep strawberries fresh | why do strawberries mold | freezing strawberries | fresh-strawberries storage | food storage | shelf life","How Long Do Strawberries Last? — Pin It","Fresh strawberries stored in an airtight glass container on a pantry shelf. Save this shelf-life guide for later. https://homestorageguide.com/shelf-life/produce/how-long-does-strawberries-last/ #FoodStorage #Produce #ShelfLife","",/images/optimized/shelf-life/produce/how-long-does-strawberries-last/pin-1600w.avif
/shelf-life/produce/how-long-does-strawberries-last/,/shelf-life/produce/how-long-does-strawberries-last/,shelfLife,og,strawberries-storage-og.jpg,"Fresh strawberries stored in an airtight glass container on a pantry shelf","Fresh strawberries stored in an airtight glass container on a pantry shelf","","Fresh strawberries in a clear airtight glass container on a natural wood pantry shelf surrounded by organized jars and canisters. Editorial photograph, bright natural light, premiu",1200,630,jpg,"Fresh strawberries stored in an airtight glass container on a pantry shelf","Fresh strawberries in a clear airtight glass container on a natural wood pantry shelf surrounded by organized jars and canisters. Editorial photograph, bright natural light, premiu Fresh strawberries stored in an airtight glass container on a pantry shelf","strawberry shelf life | how long do strawberries last | how to keep strawberries fresh | why do strawberries mold | freezing strawberries | fresh-strawberries storage | food storage | shelf life","","","",/images/optimized/shelf-life/produce/how-long-does-strawberries-last/og-1600w.avif
/shelf-life/produce/how-long-does-tomatoes-last/,/shelf-life/produce/how-long-does-tomatoes-last/,shelfLife,hero,tomatoes-storage-hero.avif,"Ripe vine tomatoes stored in an airtight glass container on a pantry shelf","Ripe vine tomatoes stored in an airtight glass container on a pantry shelf","Airtight storage keeps ripe vine tomatoes fresh for its full shelf life.","Ripe vine tomatoes in a clear airtight glass container on a natural wood pantry shelf surrounded by organized jars and canisters. Editorial photograph, bright natural light, premiu",1600,900,avif,"Ripe vine tomatoes stored in an airtight glass container on a pantry shelf","Ripe vine tomatoes in a clear airtight glass container on a natural wood pantry shelf surrounded by organized jars and canisters. Editorial photograph, bright natural light, premiu Ripe vine tomatoes stored in an airtight glass container on a pantry shelf","tomato shelf life | how long do tomatoes last | tomatoes in fridge or counter | why refrigerated tomatoes taste bad | freezing tomatoes | ripe-vine-tomatoes storage | food storage | shelf life","","","tomatoes-storage-hero-400w.avif 400w | tomatoes-storage-hero-800w.avif 800w | tomatoes-storage-hero-1200w.avif 1200w | tomatoes-storage-hero-1600w.avif 1600w",/images/optimized/shelf-life/produce/how-long-does-tomatoes-last/hero-1600w.avif
/shelf-life/produce/how-long-does-tomatoes-last/,/shelf-life/produce/how-long-does-tomatoes-last/,shelfLife,support,tomatoes-storage-support-1.avif,"Ripe vine tomatoes stored in an airtight glass container on a pantry shelf — supporting storage detail","Ripe vine tomatoes stored in an airtight glass container on a pantry shelf — supporting storage detail","Detail: ripe vine tomatoes in airtight storage.","Ripe vine tomatoes in a clear airtight glass container on a natural wood pantry shelf surrounded by organized jars and canisters. Editorial photograph, bright natural light, premiu",1200,675,avif,"Ripe vine tomatoes stored in an airtight glass container on a pantry shelf — supporting storage detail","Ripe vine tomatoes in a clear airtight glass container on a natural wood pantry shelf surrounded by organized jars and canisters. Editorial photograph, bright natural light, premiu Ripe vine tomatoes stored in an airtight glass container on a pantry shelf — supporting storage detail","tomato shelf life | how long do tomatoes last | tomatoes in fridge or counter | why refrigerated tomatoes taste bad | freezing tomatoes | ripe-vine-tomatoes storage | food storage | shelf life","","","tomatoes-storage-support-1-400w.avif 400w | tomatoes-storage-support-1-800w.avif 800w | tomatoes-storage-support-1-1200w.avif 1200w",/images/optimized/shelf-life/produce/how-long-does-tomatoes-last/support-1200w.avif
/shelf-life/produce/how-long-does-tomatoes-last/,/shelf-life/produce/how-long-does-tomatoes-last/,shelfLife,pinterest,tomatoes-storage-pinterest.webp,"How Long Do Tomatoes Last?: Shelf Life & Storage Guide","Ripe vine tomatoes stored in an airtight glass container on a pantry shelf","","Ripe vine tomatoes in a clear airtight glass container on a natural wood pantry shelf surrounded by organized jars and canisters. Editorial photograph, bright natural light, premiu",1000,1500,webp,"How Long Do Tomatoes Last?: Shelf Life & Storage Guide","Ripe vine tomatoes in a clear airtight glass container on a natural wood pantry shelf surrounded by organized jars and canisters. Editorial photograph, bright natural light, premiu Ripe vine tomatoes stored in an airtight glass container on a pantry shelf","tomato shelf life | how long do tomatoes last | tomatoes in fridge or counter | why refrigerated tomatoes taste bad | freezing tomatoes | ripe-vine-tomatoes storage | food storage | shelf life","How Long Do Tomatoes Last? — Pin It","Ripe vine tomatoes stored in an airtight glass container on a pantry shelf. Save this shelf-life guide for later. https://homestorageguide.com/shelf-life/produce/how-long-does-tomatoes-last/ #FoodStorage #Produce #ShelfLife","",/images/optimized/shelf-life/produce/how-long-does-tomatoes-last/pin-1600w.avif
/shelf-life/produce/how-long-does-tomatoes-last/,/shelf-life/produce/how-long-does-tomatoes-last/,shelfLife,og,tomatoes-storage-og.jpg,"Ripe vine tomatoes stored in an airtight glass container on a pantry shelf","Ripe vine tomatoes stored in an airtight glass container on a pantry shelf","","Ripe vine tomatoes in a clear airtight glass container on a natural wood pantry shelf surrounded by organized jars and canisters. Editorial photograph, bright natural light, premiu",1200,630,jpg,"Ripe vine tomatoes stored in an airtight glass container on a pantry shelf","Ripe vine tomatoes in a clear airtight glass container on a natural wood pantry shelf surrounded by organized jars and canisters. Editorial photograph, bright natural light, premiu Ripe vine tomatoes stored in an airtight glass container on a pantry shelf","tomato shelf life | how long do tomatoes last | tomatoes in fridge or counter | why refrigerated tomatoes taste bad | freezing tomatoes | ripe-vine-tomatoes storage | food storage | shelf life","","","",/images/optimized/shelf-life/produce/how-long-does-tomatoes-last/og-1600w.avif
/shelf-life/produce/,/shelf-life/produce/,category,hero,produce-shelf-life-hero.avif,"Fresh produce arranged in a bright, organized pantry","Fresh produce arranged in a bright, organized pantry","","Fresh produce a tidy arrangement of fresh produce in a clean modern refrigerator. Editorial photograph, bright natural light, premium magazine quality.",1600,900,avif,"Fresh produce arranged in a bright, organized pantry","Fresh produce a tidy arrangement of fresh produce in a clean modern refrigerator. Editorial photograph, bright natural light, premium magazine quality. Fresh produce arranged in a bright, organized pantry","produce shelf life | fruit shelf life | vegetable shelf life | how long does produce last | counter vs fridge storage | fresh-produce storage | food storage | shelf life","","","produce-shelf-life-hero-400w.avif 400w | produce-shelf-life-hero-800w.avif 800w | produce-shelf-life-hero-1200w.avif 1200w | produce-shelf-life-hero-1600w.avif 1600w",/images/optimized/shelf-life/produce/hero-1600w.avif
/shelf-life/produce/,/shelf-life/produce/,category,pinterest,produce-shelf-life-pinterest.webp,"Produce Shelf Life: Shelf Life & Storage Guide","Fresh produce arranged in a bright, organized pantry","","Fresh produce a tidy arrangement of fresh produce in a clean modern refrigerator. Editorial photograph, bright natural light, premium magazine quality.",1000,1500,webp,"Produce Shelf Life: Shelf Life & Storage Guide","Fresh produce a tidy arrangement of fresh produce in a clean modern refrigerator. Editorial photograph, bright natural light, premium magazine quality. Fresh produce arranged in a bright, organized pantry","produce shelf life | fruit shelf life | vegetable shelf life | how long does produce last | counter vs fridge storage | fresh-produce storage | food storage | shelf life","Produce Shelf Life — Pin It","Fresh produce arranged in a bright, organized pantry. Save this shelf-life guide for later. https://homestorageguide.com/shelf-life/produce/ #FoodStorage #Produce #ShelfLife","",/images/optimized/shelf-life/produce/pin-1600w.avif
/shelf-life/produce/,/shelf-life/produce/,category,og,produce-shelf-life-og.jpg,"Fresh produce arranged in a bright, organized pantry","Fresh produce arranged in a bright, organized pantry","","Fresh produce a tidy arrangement of fresh produce in a clean modern refrigerator. Editorial photograph, bright natural light, premium magazine quality.",1200,630,jpg,"Fresh produce arranged in a bright, organized pantry","Fresh produce a tidy arrangement of fresh produce in a clean modern refrigerator. Editorial photograph, bright natural light, premium magazine quality. Fresh produce arranged in a bright, organized pantry","produce shelf life | fruit shelf life | vegetable shelf life | how long does produce last | counter vs fridge storage | fresh-produce storage | food storage | shelf life","","","",/images/optimized/shelf-life/produce/og-1600w.avif
/shelf-life/,/shelf-life/,pillar,hero,food-shelf-life-chart-hero.avif,"Pantry staples arranged in a bright, organized pantry — food-shelf-life-chart","Pantry staples arranged in a bright, organized pantry — food-shelf-life-chart","Pantry staples arranged in a bright,"Pantry staples arranged in a bright, organized pantry — food-shelf-life-chart. Editorial photograph, bright natural light, premium magazine quality.","","Pantry staples a bright modern kitchen pantry with organized airtight glass containers. Editorial photograph, bright natural light,"Pantry staples arranged in a bright, organized pantry — food-shelf-life-chart","Pantry staples arranged in a bright, organized pantry — food-shelf-life-chart. Editorial photograph, bright natural light, premium magazine quality.",900,avif,"Pantry staples arranged in a bright, organized pantry","Pantry staples a bright modern kitchen pantry with organized airtight glass containers. Editorial photograph, bright natural light, premium magazine quality. Pantry staples arranged in a bright, organized pantry","food shelf life | how long does food last | shelf life of food | food storage times | refrigerator shelf life | pantry-staples storage | food storage | shelf life","","","food-shelf-life-chart-hero-400w.avif 400w | food-shelf-life-chart-hero-800w.avif 800w | food-shelf-life-chart-hero-1200w.avif 1200w | food-shelf-life-chart-hero-1600w.avif 1600w",/images/optimized/shelf-life/hero-1600w.avif
/shelf-life/,/shelf-life/,pillar,pinterest,food-shelf-life-chart-pinterest.webp,"Pantry staples arranged in a bright, organized pantry — food-shelf-life-chart","Pantry staples arranged in a bright, organized pantry — food-shelf-life-chart", organized pantry","Pantry staples arranged in a bright, organized pantry — food-shelf-life-chart. Editorial photograph, bright natural light, premium magazine quality.","Pantry staples a bright modern kitchen pantry with organized airtight glass containers. Editorial photograph, bright natural light, premium magazine quality.","Pantry staples arranged in a bright, organized pantry — food-shelf-life-chart","Pantry staples arranged in a bright, organized pantry — food-shelf-life-chart. Editorial photograph, bright natural light, premium magazine quality.",webp,"Food Shelf Life Chart: Shelf Life & Storage Guide","Pantry staples arranged in a bright, organized pantry — food-shelf-life-chart. Save this shelf-life guide for later. https://homestorageguide.com/shelf-life/ #FoodStorage", bright natural light, premium magazine quality. Pantry staples arranged in a bright, organized pantry","food shelf life | how long does food last | shelf life of food | food storage times | refrigerator shelf life | pantry-staples storage | food storage | shelf life","Food Shelf Life Chart — Pin It","Pantry staples arranged in a bright, organized pantry. Save this shelf-life guide for later. https://homestorageguide.com/shelf-life/ #FoodStorage #Shelf-life-root #ShelfLife","",/images/optimized/shelf-life/pin-1600w.avif
/shelf-life/,/shelf-life/,pillar,og,food-shelf-life-chart-og.jpg,"Pantry staples arranged in a bright, organized pantry — food-shelf-life-chart","Pantry staples arranged in a bright, organized pantry — food-shelf-life-chart","Pantry staples arranged in a bright,"Pantry staples arranged in a bright, organized pantry — food-shelf-life-chart. Editorial photograph, bright natural light, premium magazine quality.","","Pantry staples a bright modern kitchen pantry with organized airtight glass containers. Editorial photograph, bright natural light,"Pantry staples arranged in a bright, organized pantry — food-shelf-life-chart","Pantry staples arranged in a bright, organized pantry — food-shelf-life-chart. Editorial photograph, bright natural light, premium magazine quality.",630,jpg,"Pantry staples arranged in a bright, organized pantry","Pantry staples a bright modern kitchen pantry with organized airtight glass containers. Editorial photograph, bright natural light, premium magazine quality. Pantry staples arranged in a bright, organized pantry","food shelf life | how long does food last | shelf life of food | food storage times | refrigerator shelf life | pantry-staples storage | food storage | shelf life","","","",/images/optimized/shelf-life/og-1600w.avif
/storage-methods/canning/canning-basics-for-beginners/,/storage-methods/canning/canning-basics-for-beginners/,guide,hero,canning-basics-beginners-hero.avif,"Glass canning jars of preserves preserved in glass jars","Glass canning jars of preserves preserved in glass jars","Proper airtight storage keeps glass canning jars of preserves fresh for months.","Glass canning jars of preserves glass canning jars filled with preserves on a white kitchen counter beside fresh produce. Editorial photograph, bright natural light, premium magazi",1600,900,avif,"Glass canning jars of preserves preserved in glass jars","Glass canning jars of preserves glass canning jars filled with preserves on a white kitchen counter beside fresh produce. Editorial photograph, bright natural light, premium magazi Glass canning jars of preserves preserved in glass jars","canning for beginners | how to can food | water bath canning | pressure canning | canning safety | glass-canning-jars-of-preserves storage | food storage | shelf life","","","canning-basics-beginners-hero-400w.avif 400w | canning-basics-beginners-hero-800w.avif 800w | canning-basics-beginners-hero-1200w.avif 1200w | canning-basics-beginners-hero-1600w.avif 1600w",/images/optimized/storage-methods/canning/canning-basics-for-beginners/hero-1600w.avif
/storage-methods/canning/canning-basics-for-beginners/,/storage-methods/canning/canning-basics-for-beginners/,guide,support,canning-basics-beginners-support-1.avif,"Glass canning jars of preserves preserved in glass jars — supporting storage detail","Glass canning jars of preserves preserved in glass jars — supporting storage detail","Detail: glass canning jars of preserves in airtight storage.","Glass canning jars of preserves glass canning jars filled with preserves on a white kitchen counter beside fresh produce. Editorial photograph, bright natural light, premium magazi",1200,675,avif,"Glass canning jars of preserves preserved in glass jars — supporting storage detail","Glass canning jars of preserves glass canning jars filled with preserves on a white kitchen counter beside fresh produce. Editorial photograph, bright natural light, premium magazi Glass canning jars of preserves preserved in glass jars — supporting storage detail","canning for beginners | how to can food | water bath canning | pressure canning | canning safety | glass-canning-jars-of-preserves storage | food storage | shelf life","","","canning-basics-beginners-support-1-400w.avif 400w | canning-basics-beginners-support-1-800w.avif 800w | canning-basics-beginners-support-1-1200w.avif 1200w",/images/optimized/storage-methods/canning/canning-basics-for-beginners/support-1200w.avif
/storage-methods/canning/canning-basics-for-beginners/,/storage-methods/canning/canning-basics-for-beginners/,guide,pinterest,canning-basics-beginners-pinterest.webp,"Canning Basics for Beginners: Shelf Life & Storage Guide","Glass canning jars of preserves preserved in glass jars","","Glass canning jars of preserves glass canning jars filled with preserves on a white kitchen counter beside fresh produce. Editorial photograph, bright natural light, premium magazi",1000,1500,webp,"Canning Basics for Beginners: Shelf Life & Storage Guide","Glass canning jars of preserves glass canning jars filled with preserves on a white kitchen counter beside fresh produce. Editorial photograph, bright natural light, premium magazi Glass canning jars of preserves preserved in glass jars","canning for beginners | how to can food | water bath canning | pressure canning | canning safety | glass-canning-jars-of-preserves storage | food storage | shelf life","Canning Basics for Beginners — Pin It","Glass canning jars of preserves preserved in glass jars. Save this shelf-life guide for later. https://homestorageguide.com/storage-methods/canning/canning-basics-for-beginners/ #FoodStorage #Canning #ShelfLife","",/images/optimized/storage-methods/canning/canning-basics-for-beginners/pin-1600w.avif
/storage-methods/canning/canning-basics-for-beginners/,/storage-methods/canning/canning-basics-for-beginners/,guide,og,canning-basics-beginners-og.jpg,"Glass canning jars of preserves preserved in glass jars","Glass canning jars of preserves preserved in glass jars","","Glass canning jars of preserves glass canning jars filled with preserves on a white kitchen counter beside fresh produce. Editorial photograph, bright natural light, premium magazi",1200,630,jpg,"Glass canning jars of preserves preserved in glass jars","Glass canning jars of preserves glass canning jars filled with preserves on a white kitchen counter beside fresh produce. Editorial photograph, bright natural light, premium magazi Glass canning jars of preserves preserved in glass jars","canning for beginners | how to can food | water bath canning | pressure canning | canning safety | glass-canning-jars-of-preserves storage | food storage | shelf life","","","",/images/optimized/storage-methods/canning/canning-basics-for-beginners/og-1600w.avif
/storage-methods/dry-goods/how-to-store-dry-goods/,/storage-methods/dry-goods/how-to-store-dry-goods/,guide,hero,store-dry-goods-hero.avif,"Bulk dry goods stored in airtight containers in an organized pantry","Bulk dry goods stored in airtight containers in an organized pantry","Proper airtight storage keeps bulk dry goods fresh for months.","Bulk dry goods bulk dry goods in clear glass canisters and jars on natural wood pantry shelves. Editorial photograph, bright natural light, premium magazine quality.",1600,900,avif,"Bulk dry goods stored in airtight containers in an organized pantry","Bulk dry goods bulk dry goods in clear glass canisters and jars on natural wood pantry shelves. Editorial photograph, bright natural light, premium magazine quality. Bulk dry goods stored in airtight containers in an organized pantry","how to store dry goods | dry goods storage | storing rice and flour | pantry staples storage | long term dry food storage | bulk-dry-goods storage | food storage | shelf life","","","store-dry-goods-hero-400w.avif 400w | store-dry-goods-hero-800w.avif 800w | store-dry-goods-hero-1200w.avif 1200w | store-dry-goods-hero-1600w.avif 1600w",/images/optimized/storage-methods/dry-goods/how-to-store-dry-goods/hero-1600w.avif
/storage-methods/dry-goods/how-to-store-dry-goods/,/storage-methods/dry-goods/how-to-store-dry-goods/,guide,support,store-dry-goods-support-1.avif,"Bulk dry goods stored in airtight containers in an organized pantry — supporting storage detail","Bulk dry goods stored in airtight containers in an organized pantry — supporting storage detail","Detail: bulk dry goods in airtight storage.","Bulk dry goods bulk dry goods in clear glass canisters and jars on natural wood pantry shelves. Editorial photograph, bright natural light, premium magazine quality.",1200,675,avif,"Bulk dry goods stored in airtight containers in an organized pantry — supporting storage detail","Bulk dry goods bulk dry goods in clear glass canisters and jars on natural wood pantry shelves. Editorial photograph, bright natural light, premium magazine quality. Bulk dry goods stored in airtight containers in an organized pantry — supporting storage detail","how to store dry goods | dry goods storage | storing rice and flour | pantry staples storage | long term dry food storage | bulk-dry-goods storage | food storage | shelf life","","","store-dry-goods-support-1-400w.avif 400w | store-dry-goods-support-1-800w.avif 800w | store-dry-goods-support-1-1200w.avif 1200w",/images/optimized/storage-methods/dry-goods/how-to-store-dry-goods/support-1200w.avif
/storage-methods/dry-goods/how-to-store-dry-goods/,/storage-methods/dry-goods/how-to-store-dry-goods/,guide,pinterest,store-dry-goods-pinterest.webp,"How to Store Dry Goods: Shelf Life & Storage Guide","Bulk dry goods stored in airtight containers in an organized pantry","","Bulk dry goods bulk dry goods in clear glass canisters and jars on natural wood pantry shelves. Editorial photograph, bright natural light, premium magazine quality.",1000,1500,webp,"How to Store Dry Goods: Shelf Life & Storage Guide","Bulk dry goods bulk dry goods in clear glass canisters and jars on natural wood pantry shelves. Editorial photograph, bright natural light, premium magazine quality. Bulk dry goods stored in airtight containers in an organized pantry","how to store dry goods | dry goods storage | storing rice and flour | pantry staples storage | long term dry food storage | bulk-dry-goods storage | food storage | shelf life","How to Store Dry Goods — Pin It","Bulk dry goods stored in airtight containers in an organized pantry. Save this shelf-life guide for later. https://homestorageguide.com/storage-methods/dry-goods/how-to-store-dry-goods/ #FoodStorage #Dry-goods #ShelfLife","",/images/optimized/storage-methods/dry-goods/how-to-store-dry-goods/pin-1600w.avif
/storage-methods/dry-goods/how-to-store-dry-goods/,/storage-methods/dry-goods/how-to-store-dry-goods/,guide,og,store-dry-goods-og.jpg,"Bulk dry goods stored in airtight containers in an organized pantry","Bulk dry goods stored in airtight containers in an organized pantry","","Bulk dry goods bulk dry goods in clear glass canisters and jars on natural wood pantry shelves. Editorial photograph, bright natural light, premium magazine quality.",1200,630,jpg,"Bulk dry goods stored in airtight containers in an organized pantry","Bulk dry goods bulk dry goods in clear glass canisters and jars on natural wood pantry shelves. Editorial photograph, bright natural light, premium magazine quality. Bulk dry goods stored in airtight containers in an organized pantry","how to store dry goods | dry goods storage | storing rice and flour | pantry staples storage | long term dry food storage | bulk-dry-goods storage | food storage | shelf life","","","",/images/optimized/storage-methods/dry-goods/how-to-store-dry-goods/og-1600w.avif
/storage-methods/food-safety/food-safety-temperature-guide/,/storage-methods/food-safety/food-safety-temperature-guide/,guide,hero,food-safety-temperature-guid-hero.avif,"A digital kitchen thermometer beside fresh ingredients stored in airtight containers in an organized pantry","A digital kitchen thermometer beside fresh ingredients stored in airtight containers in an organized pantry","Proper airtight storage keeps a digital kitchen thermometer beside fresh ingredients fresh for months.","A digital kitchen thermometer beside fresh ingredients a digital kitchen thermometer beside fresh ingredients on a clean white counter. Editorial photograph, bright natural light, ",1600,900,avif,"A digital kitchen thermometer beside fresh ingredients stored in airtight containers in an organized pantry","A digital kitchen thermometer beside fresh ingredients a digital kitchen thermometer beside fresh ingredients on a clean white counter. Editorial photograph, bright natural light,  A digital kitchen thermometer beside fresh ingredients stored in airtight containers in an organized pantry","food safety temperature | danger zone food | safe internal temperatures | 40 to 140 rule | food thermometer temperatures | a-digital-kitchen-thermometer-beside-fresh-ingredients storage | food storage | shelf life","","","food-safety-temperature-guid-hero-400w.avif 400w | food-safety-temperature-guid-hero-800w.avif 800w | food-safety-temperature-guid-hero-1200w.avif 1200w | food-safety-temperature-guid-hero-1600w.avif 1600w",/images/optimized/storage-methods/food-safety/food-safety-temperature-guide/hero-1600w.avif
/storage-methods/food-safety/food-safety-temperature-guide/,/storage-methods/food-safety/food-safety-temperature-guide/,guide,support,food-safety-temperature-guid-support-1.avif,"A digital kitchen thermometer beside fresh ingredients stored in airtight containers in an organized pantry — supporting s..","A digital kitchen thermometer beside fresh ingredients stored in airtight containers in an organized pantry — supporting s...","Detail: a digital kitchen thermometer beside fresh ingredients in airtight storage.","A digital kitchen thermometer beside fresh ingredients a digital kitchen thermometer beside fresh ingredients on a clean white counter. Editorial photograph, bright natural light, ",1200,675,avif,"A digital kitchen thermometer beside fresh ingredients stored in airtight containers in an organized pantry — supporting s..","A digital kitchen thermometer beside fresh ingredients a digital kitchen thermometer beside fresh ingredients on a clean white counter. Editorial photograph, bright natural light,  A digital kitchen thermometer beside fresh ingredients stored in airtight containers in an organized pantry — supporting s...","food safety temperature | danger zone food | safe internal temperatures | 40 to 140 rule | food thermometer temperatures | a-digital-kitchen-thermometer-beside-fresh-ingredients storage | food storage | shelf life","","","food-safety-temperature-guid-support-1-400w.avif 400w | food-safety-temperature-guid-support-1-800w.avif 800w | food-safety-temperature-guid-support-1-1200w.avif 1200w",/images/optimized/storage-methods/food-safety/food-safety-temperature-guide/support-1200w.avif
/storage-methods/food-safety/food-safety-temperature-guide/,/storage-methods/food-safety/food-safety-temperature-guide/,guide,pinterest,food-safety-temperature-guid-pinterest.webp,"Food Safety Temperature Guide: Shelf Life & Storage Guide","A digital kitchen thermometer beside fresh ingredients stored in airtight containers in an organized pantry","","A digital kitchen thermometer beside fresh ingredients a digital kitchen thermometer beside fresh ingredients on a clean white counter. Editorial photograph, bright natural light, ",1000,1500,webp,"Food Safety Temperature Guide: Shelf Life & Storage Guide","A digital kitchen thermometer beside fresh ingredients a digital kitchen thermometer beside fresh ingredients on a clean white counter. Editorial photograph, bright natural light,  A digital kitchen thermometer beside fresh ingredients stored in airtight containers in an organized pantry","food safety temperature | danger zone food | safe internal temperatures | 40 to 140 rule | food thermometer temperatures | a-digital-kitchen-thermometer-beside-fresh-ingredients storage | food storage | shelf life","Food Safety Temperature Guide — Pin It","A digital kitchen thermometer beside fresh ingredients stored in airtight containers in an organized pantry. Save this shelf-life guide for later. https://homestorageguide.com/storage-methods/food-safety/food-safety-temperature-guide/ #FoodStorage #Food-safety #ShelfLife","",/images/optimized/storage-methods/food-safety/food-safety-temperature-guide/pin-1600w.avif
/storage-methods/food-safety/food-safety-temperature-guide/,/storage-methods/food-safety/food-safety-temperature-guide/,guide,og,food-safety-temperature-guid-og.jpg,"A digital kitchen thermometer beside fresh ingredients stored in airtight containers in an organized pantry","A digital kitchen thermometer beside fresh ingredients stored in airtight containers in an organized pantry","","A digital kitchen thermometer beside fresh ingredients a digital kitchen thermometer beside fresh ingredients on a clean white counter. Editorial photograph, bright natural light, ",1200,630,jpg,"A digital kitchen thermometer beside fresh ingredients stored in airtight containers in an organized pantry","A digital kitchen thermometer beside fresh ingredients a digital kitchen thermometer beside fresh ingredients on a clean white counter. Editorial photograph, bright natural light,  A digital kitchen thermometer beside fresh ingredients stored in airtight containers in an organized pantry","food safety temperature | danger zone food | safe internal temperatures | 40 to 140 rule | food thermometer temperatures | a-digital-kitchen-thermometer-beside-fresh-ingredients storage | food storage | shelf life","","","",/images/optimized/storage-methods/food-safety/food-safety-temperature-guide/og-1600w.avif
/storage-methods/freezing/how-to-freeze-fruit/,/storage-methods/freezing/how-to-freeze-fruit/,guide,hero,freeze-fruit-hero.avif,"Fresh fruit portions portioned into freezer-safe containers for freezing","Fresh fruit portions portioned into freezer-safe containers for freezing","Proper airtight storage keeps fresh fruit portions fresh for months.","Fresh fruit portions portioned into labeled freezer bags and glass containers on a clean white kitchen counter. Editorial photograph, bright natural light, premium magazine quality",1600,900,avif,"Fresh fruit portions portioned into freezer-safe containers for freezing","Fresh fruit portions portioned into labeled freezer bags and glass containers on a clean white kitchen counter. Editorial photograph, bright natural light, premium magazine quality Fresh fruit portions portioned into freezer-safe containers for freezing","how to freeze fruit | freezing fruit | how to freeze strawberries | how to freeze bananas | frozen fruit for smoothies | fresh-fruit-portions storage | food storage | shelf life","","","freeze-fruit-hero-400w.avif 400w | freeze-fruit-hero-800w.avif 800w | freeze-fruit-hero-1200w.avif 1200w | freeze-fruit-hero-1600w.avif 1600w",/images/optimized/storage-methods/freezing/how-to-freeze-fruit/hero-1600w.avif
/storage-methods/freezing/how-to-freeze-fruit/,/storage-methods/freezing/how-to-freeze-fruit/,guide,support,freeze-fruit-support-1.avif,"Fresh fruit portions portioned into freezer-safe containers for freezing — supporting storage detail","Fresh fruit portions portioned into freezer-safe containers for freezing — supporting storage detail","Detail: fresh fruit portions in airtight storage.","Fresh fruit portions portioned into labeled freezer bags and glass containers on a clean white kitchen counter. Editorial photograph, bright natural light, premium magazine quality",1200,675,avif,"Fresh fruit portions portioned into freezer-safe containers for freezing — supporting storage detail","Fresh fruit portions portioned into labeled freezer bags and glass containers on a clean white kitchen counter. Editorial photograph, bright natural light, premium magazine quality Fresh fruit portions portioned into freezer-safe containers for freezing — supporting storage detail","how to freeze fruit | freezing fruit | how to freeze strawberries | how to freeze bananas | frozen fruit for smoothies | fresh-fruit-portions storage | food storage | shelf life","","","freeze-fruit-support-1-400w.avif 400w | freeze-fruit-support-1-800w.avif 800w | freeze-fruit-support-1-1200w.avif 1200w",/images/optimized/storage-methods/freezing/how-to-freeze-fruit/support-1200w.avif
/storage-methods/freezing/how-to-freeze-fruit/,/storage-methods/freezing/how-to-freeze-fruit/,guide,pinterest,freeze-fruit-pinterest.webp,"How to Freeze Fruit: Shelf Life & Storage Guide","Fresh fruit portions portioned into freezer-safe containers for freezing","","Fresh fruit portions portioned into labeled freezer bags and glass containers on a clean white kitchen counter. Editorial photograph, bright natural light, premium magazine quality",1000,1500,webp,"How to Freeze Fruit: Shelf Life & Storage Guide","Fresh fruit portions portioned into labeled freezer bags and glass containers on a clean white kitchen counter. Editorial photograph, bright natural light, premium magazine quality Fresh fruit portions portioned into freezer-safe containers for freezing","how to freeze fruit | freezing fruit | how to freeze strawberries | how to freeze bananas | frozen fruit for smoothies | fresh-fruit-portions storage | food storage | shelf life","How to Freeze Fruit — Pin It","Fresh fruit portions portioned into freezer-safe containers for freezing. Save this shelf-life guide for later. https://homestorageguide.com/storage-methods/freezing/how-to-freeze-fruit/ #FoodStorage #Freezing #ShelfLife","",/images/optimized/storage-methods/freezing/how-to-freeze-fruit/pin-1600w.avif
/storage-methods/freezing/how-to-freeze-fruit/,/storage-methods/freezing/how-to-freeze-fruit/,guide,og,freeze-fruit-og.jpg,"Fresh fruit portions portioned into freezer-safe containers for freezing","Fresh fruit portions portioned into freezer-safe containers for freezing","","Fresh fruit portions portioned into labeled freezer bags and glass containers on a clean white kitchen counter. Editorial photograph, bright natural light, premium magazine quality",1200,630,jpg,"Fresh fruit portions portioned into freezer-safe containers for freezing","Fresh fruit portions portioned into labeled freezer bags and glass containers on a clean white kitchen counter. Editorial photograph, bright natural light, premium magazine quality Fresh fruit portions portioned into freezer-safe containers for freezing","how to freeze fruit | freezing fruit | how to freeze strawberries | how to freeze bananas | frozen fruit for smoothies | fresh-fruit-portions storage | food storage | shelf life","","","",/images/optimized/storage-methods/freezing/how-to-freeze-fruit/og-1600w.avif
/storage-methods/freezing/how-to-freeze-leftovers/,/storage-methods/freezing/how-to-freeze-leftovers/,guide,hero,freeze-leftovers-hero.avif,"Cooked leftovers in glass containers portioned into freezer-safe containers for freezing","Cooked leftovers in glass containers portioned into freezer-safe containers for freezing","Proper airtight storage keeps cooked leftovers in glass containers fresh for months.","Cooked leftovers in glass containers portioned into labeled freezer bags and glass containers on a clean white kitchen counter. Editorial photograph, bright natural light, premium ",1600,900,avif,"Cooked leftovers in glass containers portioned into freezer-safe containers for freezing","Cooked leftovers in glass containers portioned into labeled freezer bags and glass containers on a clean white kitchen counter. Editorial photograph, bright natural light, premium  Cooked leftovers in glass containers portioned into freezer-safe containers for freezing","how to freeze leftovers | freezing leftovers | meal prep freezer | how long do leftovers last in freezer | reheat frozen leftovers | cooked-leftovers-in-glass-containers storage | food storage | shelf life","","","freeze-leftovers-hero-400w.avif 400w | freeze-leftovers-hero-800w.avif 800w | freeze-leftovers-hero-1200w.avif 1200w | freeze-leftovers-hero-1600w.avif 1600w",/images/optimized/storage-methods/freezing/how-to-freeze-leftovers/hero-1600w.avif
/storage-methods/freezing/how-to-freeze-leftovers/,/storage-methods/freezing/how-to-freeze-leftovers/,guide,support,freeze-leftovers-support-1.avif,"Cooked leftovers in glass containers portioned into freezer-safe containers for freezing — supporting storage detail","Cooked leftovers in glass containers portioned into freezer-safe containers for freezing — supporting storage detail","Detail: cooked leftovers in glass containers in airtight storage.","Cooked leftovers in glass containers portioned into labeled freezer bags and glass containers on a clean white kitchen counter. Editorial photograph, bright natural light, premium ",1200,675,avif,"Cooked leftovers in glass containers portioned into freezer-safe containers for freezing — supporting storage detail","Cooked leftovers in glass containers portioned into labeled freezer bags and glass containers on a clean white kitchen counter. Editorial photograph, bright natural light, premium  Cooked leftovers in glass containers portioned into freezer-safe containers for freezing — supporting storage detail","how to freeze leftovers | freezing leftovers | meal prep freezer | how long do leftovers last in freezer | reheat frozen leftovers | cooked-leftovers-in-glass-containers storage | food storage | shelf life","","","freeze-leftovers-support-1-400w.avif 400w | freeze-leftovers-support-1-800w.avif 800w | freeze-leftovers-support-1-1200w.avif 1200w",/images/optimized/storage-methods/freezing/how-to-freeze-leftovers/support-1200w.avif
/storage-methods/freezing/how-to-freeze-leftovers/,/storage-methods/freezing/how-to-freeze-leftovers/,guide,pinterest,freeze-leftovers-pinterest.webp,"How to Freeze Leftovers: Shelf Life & Storage Guide","Cooked leftovers in glass containers portioned into freezer-safe containers for freezing","","Cooked leftovers in glass containers portioned into labeled freezer bags and glass containers on a clean white kitchen counter. Editorial photograph, bright natural light, premium ",1000,1500,webp,"How to Freeze Leftovers: Shelf Life & Storage Guide","Cooked leftovers in glass containers portioned into labeled freezer bags and glass containers on a clean white kitchen counter. Editorial photograph, bright natural light, premium  Cooked leftovers in glass containers portioned into freezer-safe containers for freezing","how to freeze leftovers | freezing leftovers | meal prep freezer | how long do leftovers last in freezer | reheat frozen leftovers | cooked-leftovers-in-glass-containers storage | food storage | shelf life","How to Freeze Leftovers — Pin It","Cooked leftovers in glass containers portioned into freezer-safe containers for freezing. Save this shelf-life guide for later. https://homestorageguide.com/storage-methods/freezing/how-to-freeze-leftovers/ #FoodStorage #Freezing #ShelfLife","",/images/optimized/storage-methods/freezing/how-to-freeze-leftovers/pin-1600w.avif
/storage-methods/freezing/how-to-freeze-leftovers/,/storage-methods/freezing/how-to-freeze-leftovers/,guide,og,freeze-leftovers-og.jpg,"Cooked leftovers in glass containers portioned into freezer-safe containers for freezing","Cooked leftovers in glass containers portioned into freezer-safe containers for freezing","","Cooked leftovers in glass containers portioned into labeled freezer bags and glass containers on a clean white kitchen counter. Editorial photograph, bright natural light, premium ",1200,630,jpg,"Cooked leftovers in glass containers portioned into freezer-safe containers for freezing","Cooked leftovers in glass containers portioned into labeled freezer bags and glass containers on a clean white kitchen counter. Editorial photograph, bright natural light, premium  Cooked leftovers in glass containers portioned into freezer-safe containers for freezing","how to freeze leftovers | freezing leftovers | meal prep freezer | how long do leftovers last in freezer | reheat frozen leftovers | cooked-leftovers-in-glass-containers storage | food storage | shelf life","","","",/images/optimized/storage-methods/freezing/how-to-freeze-leftovers/og-1600w.avif
/storage-methods/freezing/how-to-freeze-meat/,/storage-methods/freezing/how-to-freeze-meat/,guide,hero,freeze-meat-hero.avif,"Raw meat portions portioned into freezer-safe containers for freezing","Raw meat portions portioned into freezer-safe containers for freezing","Proper airtight storage keeps raw meat portions fresh for months.","Raw meat portions portioned into labeled freezer bags and glass containers on a clean white kitchen counter. Editorial photograph, bright natural light, premium magazine quality.",1600,900,avif,"Raw meat portions portioned into freezer-safe containers for freezing","Raw meat portions portioned into labeled freezer bags and glass containers on a clean white kitchen counter. Editorial photograph, bright natural light, premium magazine quality. Raw meat portions portioned into freezer-safe containers for freezing","how to freeze meat | freezing meat | how to freeze chicken | how to freeze ground beef | how long does frozen meat last | raw-meat-portions storage | food storage | shelf life","","","freeze-meat-hero-400w.avif 400w | freeze-meat-hero-800w.avif 800w | freeze-meat-hero-1200w.avif 1200w | freeze-meat-hero-1600w.avif 1600w",/images/optimized/storage-methods/freezing/how-to-freeze-meat/hero-1600w.avif
/storage-methods/freezing/how-to-freeze-meat/,/storage-methods/freezing/how-to-freeze-meat/,guide,support,freeze-meat-support-1.avif,"Raw meat portions portioned into freezer-safe containers for freezing — supporting storage detail","Raw meat portions portioned into freezer-safe containers for freezing — supporting storage detail","Detail: raw meat portions in airtight storage.","Raw meat portions portioned into labeled freezer bags and glass containers on a clean white kitchen counter. Editorial photograph, bright natural light, premium magazine quality.",1200,675,avif,"Raw meat portions portioned into freezer-safe containers for freezing — supporting storage detail","Raw meat portions portioned into labeled freezer bags and glass containers on a clean white kitchen counter. Editorial photograph, bright natural light, premium magazine quality. Raw meat portions portioned into freezer-safe containers for freezing — supporting storage detail","how to freeze meat | freezing meat | how to freeze chicken | how to freeze ground beef | how long does frozen meat last | raw-meat-portions storage | food storage | shelf life","","","freeze-meat-support-1-400w.avif 400w | freeze-meat-support-1-800w.avif 800w | freeze-meat-support-1-1200w.avif 1200w",/images/optimized/storage-methods/freezing/how-to-freeze-meat/support-1200w.avif
/storage-methods/freezing/how-to-freeze-meat/,/storage-methods/freezing/how-to-freeze-meat/,guide,pinterest,freeze-meat-pinterest.webp,"How to Freeze Meat: Shelf Life & Storage Guide","Raw meat portions portioned into freezer-safe containers for freezing","","Raw meat portions portioned into labeled freezer bags and glass containers on a clean white kitchen counter. Editorial photograph, bright natural light, premium magazine quality.",1000,1500,webp,"How to Freeze Meat: Shelf Life & Storage Guide","Raw meat portions portioned into labeled freezer bags and glass containers on a clean white kitchen counter. Editorial photograph, bright natural light, premium magazine quality. Raw meat portions portioned into freezer-safe containers for freezing","how to freeze meat | freezing meat | how to freeze chicken | how to freeze ground beef | how long does frozen meat last | raw-meat-portions storage | food storage | shelf life","How to Freeze Meat — Pin It","Raw meat portions portioned into freezer-safe containers for freezing. Save this shelf-life guide for later. https://homestorageguide.com/storage-methods/freezing/how-to-freeze-meat/ #FoodStorage #Freezing #ShelfLife","",/images/optimized/storage-methods/freezing/how-to-freeze-meat/pin-1600w.avif
/storage-methods/freezing/how-to-freeze-meat/,/storage-methods/freezing/how-to-freeze-meat/,guide,og,freeze-meat-og.jpg,"Raw meat portions portioned into freezer-safe containers for freezing","Raw meat portions portioned into freezer-safe containers for freezing","","Raw meat portions portioned into labeled freezer bags and glass containers on a clean white kitchen counter. Editorial photograph, bright natural light, premium magazine quality.",1200,630,jpg,"Raw meat portions portioned into freezer-safe containers for freezing","Raw meat portions portioned into labeled freezer bags and glass containers on a clean white kitchen counter. Editorial photograph, bright natural light, premium magazine quality. Raw meat portions portioned into freezer-safe containers for freezing","how to freeze meat | freezing meat | how to freeze chicken | how to freeze ground beef | how long does frozen meat last | raw-meat-portions storage | food storage | shelf life","","","",/images/optimized/storage-methods/freezing/how-to-freeze-meat/og-1600w.avif
/storage-methods/freezing/how-to-freeze-vegetables/,/storage-methods/freezing/how-to-freeze-vegetables/,guide,hero,freeze-vegetables-hero.avif,"Fresh vegetable portions portioned into freezer-safe containers for freezing","Fresh vegetable portions portioned into freezer-safe containers for freezing","Proper airtight storage keeps fresh vegetable portions fresh for months.","Fresh vegetable portions portioned into labeled freezer bags and glass containers on a clean white kitchen counter. Editorial photograph, bright natural light, premium magazine qua",1600,900,avif,"Fresh vegetable portions portioned into freezer-safe containers for freezing","Fresh vegetable portions portioned into labeled freezer bags and glass containers on a clean white kitchen counter. Editorial photograph, bright natural light, premium magazine qua Fresh vegetable portions portioned into freezer-safe containers for freezing","how to freeze vegetables | freezing vegetables | blanch vegetables for freezing | freeze green beans | how long do frozen vegetables last | fresh-vegetable-portions storage | food storage | shelf life","","","freeze-vegetables-hero-400w.avif 400w | freeze-vegetables-hero-800w.avif 800w | freeze-vegetables-hero-1200w.avif 1200w | freeze-vegetables-hero-1600w.avif 1600w",/images/optimized/storage-methods/freezing/how-to-freeze-vegetables/hero-1600w.avif
/storage-methods/freezing/how-to-freeze-vegetables/,/storage-methods/freezing/how-to-freeze-vegetables/,guide,support,freeze-vegetables-support-1.avif,"Fresh vegetable portions portioned into freezer-safe containers for freezing — supporting storage detail","Fresh vegetable portions portioned into freezer-safe containers for freezing — supporting storage detail","Detail: fresh vegetable portions in airtight storage.","Fresh vegetable portions portioned into labeled freezer bags and glass containers on a clean white kitchen counter. Editorial photograph, bright natural light, premium magazine qua",1200,675,avif,"Fresh vegetable portions portioned into freezer-safe containers for freezing — supporting storage detail","Fresh vegetable portions portioned into labeled freezer bags and glass containers on a clean white kitchen counter. Editorial photograph, bright natural light, premium magazine qua Fresh vegetable portions portioned into freezer-safe containers for freezing — supporting storage detail","how to freeze vegetables | freezing vegetables | blanch vegetables for freezing | freeze green beans | how long do frozen vegetables last | fresh-vegetable-portions storage | food storage | shelf life","","","freeze-vegetables-support-1-400w.avif 400w | freeze-vegetables-support-1-800w.avif 800w | freeze-vegetables-support-1-1200w.avif 1200w",/images/optimized/storage-methods/freezing/how-to-freeze-vegetables/support-1200w.avif
/storage-methods/freezing/how-to-freeze-vegetables/,/storage-methods/freezing/how-to-freeze-vegetables/,guide,pinterest,freeze-vegetables-pinterest.webp,"How to Freeze Vegetables: Shelf Life & Storage Guide","Fresh vegetable portions portioned into freezer-safe containers for freezing","","Fresh vegetable portions portioned into labeled freezer bags and glass containers on a clean white kitchen counter. Editorial photograph, bright natural light, premium magazine qua",1000,1500,webp,"How to Freeze Vegetables: Shelf Life & Storage Guide","Fresh vegetable portions portioned into labeled freezer bags and glass containers on a clean white kitchen counter. Editorial photograph, bright natural light, premium magazine qua Fresh vegetable portions portioned into freezer-safe containers for freezing","how to freeze vegetables | freezing vegetables | blanch vegetables for freezing | freeze green beans | how long do frozen vegetables last | fresh-vegetable-portions storage | food storage | shelf life","How to Freeze Vegetables — Pin It","Fresh vegetable portions portioned into freezer-safe containers for freezing. Save this shelf-life guide for later. https://homestorageguide.com/storage-methods/freezing/how-to-freeze-vegetables/ #FoodStorage #Freezing #ShelfLife","",/images/optimized/storage-methods/freezing/how-to-freeze-vegetables/pin-1600w.avif
/storage-methods/freezing/how-to-freeze-vegetables/,/storage-methods/freezing/how-to-freeze-vegetables/,guide,og,freeze-vegetables-og.jpg,"Fresh vegetable portions portioned into freezer-safe containers for freezing","Fresh vegetable portions portioned into freezer-safe containers for freezing","","Fresh vegetable portions portioned into labeled freezer bags and glass containers on a clean white kitchen counter. Editorial photograph, bright natural light, premium magazine qua",1200,630,jpg,"Fresh vegetable portions portioned into freezer-safe containers for freezing","Fresh vegetable portions portioned into labeled freezer bags and glass containers on a clean white kitchen counter. Editorial photograph, bright natural light, premium magazine qua Fresh vegetable portions portioned into freezer-safe containers for freezing","how to freeze vegetables | freezing vegetables | blanch vegetables for freezing | freeze green beans | how long do frozen vegetables last | fresh-vegetable-portions storage | food storage | shelf life","","","",/images/optimized/storage-methods/freezing/how-to-freeze-vegetables/og-1600w.avif
/storage-methods/freezing/how-to-prevent-freezer-burn/,/storage-methods/freezing/how-to-prevent-freezer-burn/,guide,hero,prevent-freezer-burn-hero.avif,"Vacuum-sealed frozen packages portioned into freezer-safe containers for freezing","Vacuum-sealed frozen packages portioned into freezer-safe containers for freezing","Proper airtight storage keeps vacuum-sealed frozen packages fresh for months.","Vacuum-sealed frozen packages portioned into labeled freezer bags and glass containers on a clean white kitchen counter. Editorial photograph, bright natural light, premium magazin",1600,900,avif,"Vacuum-sealed frozen packages portioned into freezer-safe containers for freezing","Vacuum-sealed frozen packages portioned into labeled freezer bags and glass containers on a clean white kitchen counter. Editorial photograph, bright natural light, premium magazin Vacuum-sealed frozen packages portioned into freezer-safe containers for freezing","freezer burn | how to prevent freezer burn | what causes freezer burn | is freezer burn safe | freezer burn on meat | vacuum-sealed-frozen-packages storage | food storage | shelf life","","","prevent-freezer-burn-hero-400w.avif 400w | prevent-freezer-burn-hero-800w.avif 800w | prevent-freezer-burn-hero-1200w.avif 1200w | prevent-freezer-burn-hero-1600w.avif 1600w",/images/optimized/storage-methods/freezing/how-to-prevent-freezer-burn/hero-1600w.avif
/storage-methods/freezing/how-to-prevent-freezer-burn/,/storage-methods/freezing/how-to-prevent-freezer-burn/,guide,support,prevent-freezer-burn-support-1.avif,"Vacuum-sealed frozen packages portioned into freezer-safe containers for freezing — supporting storage detail","Vacuum-sealed frozen packages portioned into freezer-safe containers for freezing — supporting storage detail","Detail: vacuum-sealed frozen packages in airtight storage.","Vacuum-sealed frozen packages portioned into labeled freezer bags and glass containers on a clean white kitchen counter. Editorial photograph, bright natural light, premium magazin",1200,675,avif,"Vacuum-sealed frozen packages portioned into freezer-safe containers for freezing — supporting storage detail","Vacuum-sealed frozen packages portioned into labeled freezer bags and glass containers on a clean white kitchen counter. Editorial photograph, bright natural light, premium magazin Vacuum-sealed frozen packages portioned into freezer-safe containers for freezing — supporting storage detail","freezer burn | how to prevent freezer burn | what causes freezer burn | is freezer burn safe | freezer burn on meat | vacuum-sealed-frozen-packages storage | food storage | shelf life","","","prevent-freezer-burn-support-1-400w.avif 400w | prevent-freezer-burn-support-1-800w.avif 800w | prevent-freezer-burn-support-1-1200w.avif 1200w",/images/optimized/storage-methods/freezing/how-to-prevent-freezer-burn/support-1200w.avif
/storage-methods/freezing/how-to-prevent-freezer-burn/,/storage-methods/freezing/how-to-prevent-freezer-burn/,guide,pinterest,prevent-freezer-burn-pinterest.webp,"How to Prevent Freezer Burn: Shelf Life & Storage Guide","Vacuum-sealed frozen packages portioned into freezer-safe containers for freezing","","Vacuum-sealed frozen packages portioned into labeled freezer bags and glass containers on a clean white kitchen counter. Editorial photograph, bright natural light, premium magazin",1000,1500,webp,"How to Prevent Freezer Burn: Shelf Life & Storage Guide","Vacuum-sealed frozen packages portioned into labeled freezer bags and glass containers on a clean white kitchen counter. Editorial photograph, bright natural light, premium magazin Vacuum-sealed frozen packages portioned into freezer-safe containers for freezing","freezer burn | how to prevent freezer burn | what causes freezer burn | is freezer burn safe | freezer burn on meat | vacuum-sealed-frozen-packages storage | food storage | shelf life","How to Prevent Freezer Burn — Pin It","Vacuum-sealed frozen packages portioned into freezer-safe containers for freezing. Save this shelf-life guide for later. https://homestorageguide.com/storage-methods/freezing/how-to-prevent-freezer-burn/ #FoodStorage #Freezing #ShelfLife","",/images/optimized/storage-methods/freezing/how-to-prevent-freezer-burn/pin-1600w.avif
/storage-methods/freezing/how-to-prevent-freezer-burn/,/storage-methods/freezing/how-to-prevent-freezer-burn/,guide,og,prevent-freezer-burn-og.jpg,"Vacuum-sealed frozen packages portioned into freezer-safe containers for freezing","Vacuum-sealed frozen packages portioned into freezer-safe containers for freezing","","Vacuum-sealed frozen packages portioned into labeled freezer bags and glass containers on a clean white kitchen counter. Editorial photograph, bright natural light, premium magazin",1200,630,jpg,"Vacuum-sealed frozen packages portioned into freezer-safe containers for freezing","Vacuum-sealed frozen packages portioned into labeled freezer bags and glass containers on a clean white kitchen counter. Editorial photograph, bright natural light, premium magazin Vacuum-sealed frozen packages portioned into freezer-safe containers for freezing","freezer burn | how to prevent freezer burn | what causes freezer burn | is freezer burn safe | freezer burn on meat | vacuum-sealed-frozen-packages storage | food storage | shelf life","","","",/images/optimized/storage-methods/freezing/how-to-prevent-freezer-burn/og-1600w.avif
/storage-methods/refrigerator/how-to-store-food-in-the-refrigerator/,/storage-methods/refrigerator/how-to-store-food-in-the-refrigerator/,guide,hero,store-food-refrigerator-hero.avif,"Organized food in glass containers stored in airtight containers in an organized pantry","Organized food in glass containers stored in airtight containers in an organized pantry","Proper airtight storage keeps organized food in glass containers fresh for months.","Organized food in glass containers organized in clear glass containers on the shelves of a clean modern refrigerator. Editorial photograph, bright natural light, premium magazine q",1600,900,avif,"Organized food in glass containers stored in airtight containers in an organized pantry","Organized food in glass containers organized in clear glass containers on the shelves of a clean modern refrigerator. Editorial photograph, bright natural light, premium magazine q Organized food in glass containers stored in airtight containers in an organized pantry","refrigerator storage | how to store food in fridge | fridge shelf organization | refrigerator temperature 40 degrees | where to store food in fridge | organized-food-in-glass-containers storage | food storage | shelf life","","","store-food-refrigerator-hero-400w.avif 400w | store-food-refrigerator-hero-800w.avif 800w | store-food-refrigerator-hero-1200w.avif 1200w | store-food-refrigerator-hero-1600w.avif 1600w",/images/optimized/storage-methods/refrigerator/how-to-store-food-in-the-refrigerator/hero-1600w.avif
/storage-methods/refrigerator/how-to-store-food-in-the-refrigerator/,/storage-methods/refrigerator/how-to-store-food-in-the-refrigerator/,guide,support,store-food-refrigerator-support-1.avif,"Organized food in glass containers stored in airtight containers in an organized pantry — supporting storage detail","Organized food in glass containers stored in airtight containers in an organized pantry — supporting storage detail","Detail: organized food in glass containers in airtight storage.","Organized food in glass containers organized in clear glass containers on the shelves of a clean modern refrigerator. Editorial photograph, bright natural light, premium magazine q",1200,675,avif,"Organized food in glass containers stored in airtight containers in an organized pantry — supporting storage detail","Organized food in glass containers organized in clear glass containers on the shelves of a clean modern refrigerator. Editorial photograph, bright natural light, premium magazine q Organized food in glass containers stored in airtight containers in an organized pantry — supporting storage detail","refrigerator storage | how to store food in fridge | fridge shelf organization | refrigerator temperature 40 degrees | where to store food in fridge | organized-food-in-glass-containers storage | food storage | shelf life","","","store-food-refrigerator-support-1-400w.avif 400w | store-food-refrigerator-support-1-800w.avif 800w | store-food-refrigerator-support-1-1200w.avif 1200w",/images/optimized/storage-methods/refrigerator/how-to-store-food-in-the-refrigerator/support-1200w.avif
/storage-methods/refrigerator/how-to-store-food-in-the-refrigerator/,/storage-methods/refrigerator/how-to-store-food-in-the-refrigerator/,guide,pinterest,store-food-refrigerator-pinterest.webp,"How to Store Food in the Refrigerator: Shelf Life & Storage Guide","Organized food in glass containers stored in airtight containers in an organized pantry","","Organized food in glass containers organized in clear glass containers on the shelves of a clean modern refrigerator. Editorial photograph, bright natural light, premium magazine q",1000,1500,webp,"How to Store Food in the Refrigerator: Shelf Life & Storage Guide","Organized food in glass containers organized in clear glass containers on the shelves of a clean modern refrigerator. Editorial photograph, bright natural light, premium magazine q Organized food in glass containers stored in airtight containers in an organized pantry","refrigerator storage | how to store food in fridge | fridge shelf organization | refrigerator temperature 40 degrees | where to store food in fridge | organized-food-in-glass-containers storage | food storage | shelf life","How to Store Food in the Refrigerator — Pin It","Organized food in glass containers stored in airtight containers in an organized pantry. Save this shelf-life guide for later. https://homestorageguide.com/storage-methods/refrigerator/how-to-store-food-in-the-refrigerator/ #FoodStorage #Refrigerator #ShelfLife","",/images/optimized/storage-methods/refrigerator/how-to-store-food-in-the-refrigerator/pin-1600w.avif
/storage-methods/refrigerator/how-to-store-food-in-the-refrigerator/,/storage-methods/refrigerator/how-to-store-food-in-the-refrigerator/,guide,og,store-food-refrigerator-og.jpg,"Organized food in glass containers stored in airtight containers in an organized pantry","Organized food in glass containers stored in airtight containers in an organized pantry","","Organized food in glass containers organized in clear glass containers on the shelves of a clean modern refrigerator. Editorial photograph, bright natural light, premium magazine q",1200,630,jpg,"Organized food in glass containers stored in airtight containers in an organized pantry","Organized food in glass containers organized in clear glass containers on the shelves of a clean modern refrigerator. Editorial photograph, bright natural light, premium magazine q Organized food in glass containers stored in airtight containers in an organized pantry","refrigerator storage | how to store food in fridge | fridge shelf organization | refrigerator temperature 40 degrees | where to store food in fridge | organized-food-in-glass-containers storage | food storage | shelf life","","","",/images/optimized/storage-methods/refrigerator/how-to-store-food-in-the-refrigerator/og-1600w.avif
/storage-methods/vacuum-sealing/how-to-vacuum-seal-food/,/storage-methods/vacuum-sealing/how-to-vacuum-seal-food/,guide,hero,vacuum-seal-food-hero.avif,"Vacuum-sealed food pouches sealed in vacuum pouches for long-term storage","Vacuum-sealed food pouches sealed in vacuum pouches for long-term storage","Proper airtight storage keeps vacuum-sealed food pouches fresh for months.","Vacuum-sealed food pouches vacuum-sealed pouches of food on a clean white kitchen counter. Editorial photograph, bright natural light, premium magazine quality.",1600,900,avif,"Vacuum-sealed food pouches sealed in vacuum pouches for long-term storage","Vacuum-sealed food pouches vacuum-sealed pouches of food on a clean white kitchen counter. Editorial photograph, bright natural light, premium magazine quality. Vacuum-sealed food pouches sealed in vacuum pouches for long-term storage","how to vacuum seal food | vacuum sealing | vacuum sealer how to use | vacuum seal meat | vacuum seal freezer | vacuum-sealed-food-pouches storage | food storage | shelf life","","","vacuum-seal-food-hero-400w.avif 400w | vacuum-seal-food-hero-800w.avif 800w | vacuum-seal-food-hero-1200w.avif 1200w | vacuum-seal-food-hero-1600w.avif 1600w",/images/optimized/storage-methods/vacuum-sealing/how-to-vacuum-seal-food/hero-1600w.avif
/storage-methods/vacuum-sealing/how-to-vacuum-seal-food/,/storage-methods/vacuum-sealing/how-to-vacuum-seal-food/,guide,support,vacuum-seal-food-support-1.avif,"Vacuum-sealed food pouches sealed in vacuum pouches for long-term storage — supporting storage detail","Vacuum-sealed food pouches sealed in vacuum pouches for long-term storage — supporting storage detail","Detail: vacuum-sealed food pouches in airtight storage.","Vacuum-sealed food pouches vacuum-sealed pouches of food on a clean white kitchen counter. Editorial photograph, bright natural light, premium magazine quality.",1200,675,avif,"Vacuum-sealed food pouches sealed in vacuum pouches for long-term storage — supporting storage detail","Vacuum-sealed food pouches vacuum-sealed pouches of food on a clean white kitchen counter. Editorial photograph, bright natural light, premium magazine quality. Vacuum-sealed food pouches sealed in vacuum pouches for long-term storage — supporting storage detail","how to vacuum seal food | vacuum sealing | vacuum sealer how to use | vacuum seal meat | vacuum seal freezer | vacuum-sealed-food-pouches storage | food storage | shelf life","","","vacuum-seal-food-support-1-400w.avif 400w | vacuum-seal-food-support-1-800w.avif 800w | vacuum-seal-food-support-1-1200w.avif 1200w",/images/optimized/storage-methods/vacuum-sealing/how-to-vacuum-seal-food/support-1200w.avif
/storage-methods/vacuum-sealing/how-to-vacuum-seal-food/,/storage-methods/vacuum-sealing/how-to-vacuum-seal-food/,guide,pinterest,vacuum-seal-food-pinterest.webp,"How to Vacuum Seal Food: Shelf Life & Storage Guide","Vacuum-sealed food pouches sealed in vacuum pouches for long-term storage","","Vacuum-sealed food pouches vacuum-sealed pouches of food on a clean white kitchen counter. Editorial photograph, bright natural light, premium magazine quality.",1000,1500,webp,"How to Vacuum Seal Food: Shelf Life & Storage Guide","Vacuum-sealed food pouches vacuum-sealed pouches of food on a clean white kitchen counter. Editorial photograph, bright natural light, premium magazine quality. Vacuum-sealed food pouches sealed in vacuum pouches for long-term storage","how to vacuum seal food | vacuum sealing | vacuum sealer how to use | vacuum seal meat | vacuum seal freezer | vacuum-sealed-food-pouches storage | food storage | shelf life","How to Vacuum Seal Food — Pin It","Vacuum-sealed food pouches sealed in vacuum pouches for long-term storage. Save this shelf-life guide for later. https://homestorageguide.com/storage-methods/vacuum-sealing/how-to-vacuum-seal-food/ #FoodStorage #Vacuum-sealing #ShelfLife","",/images/optimized/storage-methods/vacuum-sealing/how-to-vacuum-seal-food/pin-1600w.avif
/storage-methods/vacuum-sealing/how-to-vacuum-seal-food/,/storage-methods/vacuum-sealing/how-to-vacuum-seal-food/,guide,og,vacuum-seal-food-og.jpg,"Vacuum-sealed food pouches sealed in vacuum pouches for long-term storage","Vacuum-sealed food pouches sealed in vacuum pouches for long-term storage","","Vacuum-sealed food pouches vacuum-sealed pouches of food on a clean white kitchen counter. Editorial photograph, bright natural light, premium magazine quality.",1200,630,jpg,"Vacuum-sealed food pouches sealed in vacuum pouches for long-term storage","Vacuum-sealed food pouches vacuum-sealed pouches of food on a clean white kitchen counter. Editorial photograph, bright natural light, premium magazine quality. Vacuum-sealed food pouches sealed in vacuum pouches for long-term storage","how to vacuum seal food | vacuum sealing | vacuum sealer how to use | vacuum seal meat | vacuum seal freezer | vacuum-sealed-food-pouches storage | food storage | shelf life","","","",/images/optimized/storage-methods/vacuum-sealing/how-to-vacuum-seal-food/og-1600w.avif
/storage-methods/,/storage-methods/,pillar,hero,food-storage-methods-hero.avif,"Airtight storage containers arranged in a bright, organized pantry","Airtight storage containers arranged in a bright, organized pantry","","Airtight storage containers a bright modern kitchen pantry with organized airtight glass containers. Editorial photograph, bright natural light, premium magazine quality.",1600,900,avif,"Airtight storage containers arranged in a bright, organized pantry","Airtight storage containers a bright modern kitchen pantry with organized airtight glass containers. Editorial photograph, bright natural light, premium magazine quality. Airtight storage containers arranged in a bright, organized pantry","food storage methods | how to store food | food preservation methods | freezer storage | vacuum sealing | airtight-storage-containers storage | food storage | shelf life","","","food-storage-methods-hero-400w.avif 400w | food-storage-methods-hero-800w.avif 800w | food-storage-methods-hero-1200w.avif 1200w | food-storage-methods-hero-1600w.avif 1600w",/images/optimized/storage-methods/hero-1600w.avif
/storage-methods/,/storage-methods/,pillar,pinterest,food-storage-methods-pinterest.webp,"Food Storage Methods: Shelf Life & Storage Guide","Airtight storage containers arranged in a bright, organized pantry","","Airtight storage containers a bright modern kitchen pantry with organized airtight glass containers. Editorial photograph, bright natural light, premium magazine quality.",1000,1500,webp,"Food Storage Methods: Shelf Life & Storage Guide","Airtight storage containers a bright modern kitchen pantry with organized airtight glass containers. Editorial photograph, bright natural light, premium magazine quality. Airtight storage containers arranged in a bright, organized pantry","food storage methods | how to store food | food preservation methods | freezer storage | vacuum sealing | airtight-storage-containers storage | food storage | shelf life","Food Storage Methods — Pin It","Airtight storage containers arranged in a bright, organized pantry. Save this shelf-life guide for later. https://homestorageguide.com/storage-methods/ #FoodStorage #Pantry #ShelfLife","",/images/optimized/storage-methods/pin-1600w.avif
/storage-methods/,/storage-methods/,pillar,og,food-storage-methods-og.jpg,"Airtight storage containers arranged in a bright, organized pantry","Airtight storage containers arranged in a bright, organized pantry","","Airtight storage containers a bright modern kitchen pantry with organized airtight glass containers. Editorial photograph, bright natural light, premium magazine quality.",1200,630,jpg,"Airtight storage containers arranged in a bright, organized pantry","Airtight storage containers a bright modern kitchen pantry with organized airtight glass containers. Editorial photograph, bright natural light, premium magazine quality. Airtight storage containers arranged in a bright, organized pantry","food storage methods | how to store food | food preservation methods | freezer storage | vacuum sealing | airtight-storage-containers storage | food storage | shelf life","","","",/images/optimized/storage-methods/og-1600w.avif
/tools/,/tools/,tool,hero,food-storage-tools-hero.avif,"Kitchen storage tools arranged in a bright, organized pantry","Kitchen storage tools arranged in a bright, organized pantry","","Kitchen storage tools clean kitchen storage tools and airtight containers arranged on a white counter. Editorial photograph, bright natural light, premium magazine quality.",1600,900,avif,"Kitchen storage tools arranged in a bright, organized pantry","Kitchen storage tools clean kitchen storage tools and airtight containers arranged on a white counter. Editorial photograph, bright natural light, premium magazine quality. Kitchen storage tools arranged in a bright, organized pantry","food storage tools | shelf life calculator | food storage chart | printable checklist | food storage times | kitchen-storage-tools storage | food storage | shelf life","","","food-storage-tools-hero-400w.avif 400w | food-storage-tools-hero-800w.avif 800w | food-storage-tools-hero-1200w.avif 1200w | food-storage-tools-hero-1600w.avif 1600w",/images/optimized/tools/hero-1600w.avif
/tools/,/tools/,tool,og,food-storage-tools-og.jpg,"Kitchen storage tools arranged in a bright, organized pantry","Kitchen storage tools arranged in a bright, organized pantry","","Kitchen storage tools clean kitchen storage tools and airtight containers arranged on a white counter. Editorial photograph, bright natural light, premium magazine quality.",1200,630,jpg,"Kitchen storage tools arranged in a bright, organized pantry","Kitchen storage tools clean kitchen storage tools and airtight containers arranged on a white counter. Editorial photograph, bright natural light, premium magazine quality. Kitchen storage tools arranged in a bright, organized pantry","food storage tools | shelf life calculator | food storage chart | printable checklist | food storage times | kitchen-storage-tools storage | food storage | shelf life","","","",/images/optimized/tools/og-1600w.avif