page,url,template,kind,file,width,height,subject,prompt,alt,caption,placement,source
/authors/james-okafor/,/authors/james-okafor/,author,portrait,portrait.jpg,600,600,"a bright modern organized kitchen","Editorial portrait photograph of a professional, soft natural light, neutral light background, premium magazine quality, no text, no logos, no watermark","Portrait of James Okafor","","Author portrait — author box and author pages",/images/source/authors/james-okafor/portrait.jpg
/authors/rebecca-torres/,/authors/rebecca-torres/,author,portrait,portrait.jpg,600,600,"a bright modern organized kitchen","Editorial portrait photograph of a professional, soft natural light, neutral light background, premium magazine quality, no text, no logos, no watermark","Portrait of Rebecca Torres, RD","","Author portrait — author box and author pages",/images/source/authors/rebecca-torres/portrait.jpg
/about/,/about/,about,hero,hero.jpg,1600,900,"a bright modern organized kitchen","Featured hero image, a bright modern organized kitchen a bright modern organized kitchen pantry, ultra realistic editorial food photography, bright natural window light, white modern kitchen, premium magazine quality, 85mm lens, shallow depth of field, highly detailed texture, no people, no text, no logos, no watermarks, no AI artifacts, no cartoon, no illustration","A bright modern organized kitchen arranged in a bright, organized pantry","","Hero — immediately below the H1",/images/source/about/hero.jpg
/contact/,/contact/,contact,hero,hero.jpg,1600,900,"a bright modern organized kitchen","Featured hero image, a bright modern organized kitchen a bright modern organized kitchen pantry, ultra realistic editorial food photography, bright natural window light, white modern kitchen, premium magazine quality, 85mm lens, shallow depth of field, highly detailed texture, no people, no text, no logos, no watermarks, no AI artifacts, no cartoon, no illustration","A bright modern organized kitchen arranged in a bright, organized pantry","","Hero — immediately below the H1",/images/source/contact/hero.jpg
/pantry-organization/how-to-label-pantry-containers/,/pantry-organization/how-to-label-pantry-containers/,pantryGuide,hero,hero.jpg,1600,900,"a neatly organized pantry","Featured hero image, a neatly organized pantry a beautifully organized pantry with labeled clear glass containers, woven baskets, and natural wood shelves, ultra realistic editorial food photography, bright natural window light, white modern kitchen, premium magazine quality, 85mm lens, shallow depth of field, highly detailed texture, no people, no text, no logos, no watermarks, no AI artifacts, no cartoon, no illustration","A neatly organized pantry with labeled airtight containers","Proper airtight storage keeps a neatly organized pantry fresh for months.","Hero — immediately below the H1",/images/source/pantry-organization/how-to-label-pantry-containers/hero.jpg
/pantry-organization/how-to-label-pantry-containers/,/pantry-organization/how-to-label-pantry-containers/,pantryGuide,support,support.jpg,1200,675,"a neatly organized pantry","Detail shot, a neatly organized pantry a beautifully organized pantry with labeled clear glass containers, woven baskets, and natural wood shelves, tight crop on the storage detail, ultra realistic editorial food photography, bright natural window light, white modern kitchen, premium magazine quality, 85mm lens, shallow depth of field, highly detailed texture, no people, no text, no logos, no watermarks, no AI artifacts, no cartoon, no illustration","A neatly organized pantry with labeled airtight containers — supporting storage detail","Detail: a neatly organized pantry in airtight storage.","Supporting — after the storage table (shelf-life) or how-to steps (guides)",/images/source/pantry-organization/how-to-label-pantry-containers/support.jpg
/pantry-organization/how-to-label-pantry-containers/,/pantry-organization/how-to-label-pantry-containers/,pantryGuide,pin,pin.jpg,1000,1500,"a neatly organized pantry","Vertical editorial food photograph, a neatly organized pantry a beautifully organized pantry with labeled clear glass containers, woven baskets, and natural wood shelves, minimalist composition with clean negative space in the upper third for a title overlay, ultra realistic editorial food photography, bright natural window light, white modern kitchen, premium magazine quality, 85mm lens, shallow depth of field, highly detailed texture, no people, no text, no logos, no watermarks, no AI artifacts, no cartoon, no illustration","A neatly organized pantry with labeled airtight containers","","Dedicated Pinterest asset (1000×1500) — not rendered on page",/images/source/pantry-organization/how-to-label-pantry-containers/pin.jpg
/pantry-organization/how-to-label-pantry-containers/,/pantry-organization/how-to-label-pantry-containers/,pantryGuide,og,og.jpg,1200,630,"a neatly organized pantry","Wide horizontal editorial food photograph, a neatly organized pantry a beautifully organized pantry with labeled clear glass containers, woven baskets, and natural wood shelves, balanced composition centered on the food, ultra realistic editorial food photography, bright natural window light, white modern kitchen, premium magazine quality, 85mm lens, shallow depth of field, highly detailed texture, no people, no text, no logos, no watermarks, no AI artifacts, no cartoon, no illustration","A neatly organized pantry with labeled airtight containers","","Social share asset (1200×630) — not rendered on page",/images/source/pantry-organization/how-to-label-pantry-containers/og.jpg
/pantry-organization/how-to-organize-your-pantry/,/pantry-organization/how-to-organize-your-pantry/,pantryGuide,hero,hero.jpg,1600,900,"a neatly organized pantry","Featured hero image, a neatly organized pantry a beautifully organized pantry with labeled clear glass containers, woven baskets, and natural wood shelves, ultra realistic editorial food photography, bright natural window light, white modern kitchen, premium magazine quality, 85mm lens, shallow depth of field, highly detailed texture, no people, no text, no logos, no watermarks, no AI artifacts, no cartoon, no illustration","A neatly organized pantry with labeled airtight containers","Proper airtight storage keeps a neatly organized pantry fresh for months.","Hero — immediately below the H1",/images/source/pantry-organization/how-to-organize-your-pantry/hero.jpg
/pantry-organization/how-to-organize-your-pantry/,/pantry-organization/how-to-organize-your-pantry/,pantryGuide,support,support.jpg,1200,675,"a neatly organized pantry","Detail shot, a neatly organized pantry a beautifully organized pantry with labeled clear glass containers, woven baskets, and natural wood shelves, tight crop on the storage detail, ultra realistic editorial food photography, bright natural window light, white modern kitchen, premium magazine quality, 85mm lens, shallow depth of field, highly detailed texture, no people, no text, no logos, no watermarks, no AI artifacts, no cartoon, no illustration","A neatly organized pantry with labeled airtight containers — supporting storage detail","Detail: a neatly organized pantry in airtight storage.","Supporting — after the storage table (shelf-life) or how-to steps (guides)",/images/source/pantry-organization/how-to-organize-your-pantry/support.jpg
/pantry-organization/how-to-organize-your-pantry/,/pantry-organization/how-to-organize-your-pantry/,pantryGuide,pin,pin.jpg,1000,1500,"a neatly organized pantry","Vertical editorial food photograph, a neatly organized pantry a beautifully organized pantry with labeled clear glass containers, woven baskets, and natural wood shelves, minimalist composition with clean negative space in the upper third for a title overlay, ultra realistic editorial food photography, bright natural window light, white modern kitchen, premium magazine quality, 85mm lens, shallow depth of field, highly detailed texture, no people, no text, no logos, no watermarks, no AI artifacts, no cartoon, no illustration","A neatly organized pantry with labeled airtight containers","","Dedicated Pinterest asset (1000×1500) — not rendered on page",/images/source/pantry-organization/how-to-organize-your-pantry/pin.jpg
/pantry-organization/how-to-organize-your-pantry/,/pantry-organization/how-to-organize-your-pantry/,pantryGuide,og,og.jpg,1200,630,"a neatly organized pantry","Wide horizontal editorial food photograph, a neatly organized pantry a beautifully organized pantry with labeled clear glass containers, woven baskets, and natural wood shelves, balanced composition centered on the food, ultra realistic editorial food photography, bright natural window light, white modern kitchen, premium magazine quality, 85mm lens, shallow depth of field, highly detailed texture, no people, no text, no logos, no watermarks, no AI artifacts, no cartoon, no illustration","A neatly organized pantry with labeled airtight containers","","Social share asset (1200×630) — not rendered on page",/images/source/pantry-organization/how-to-organize-your-pantry/og.jpg
/pantry-organization/how-to-store-pantry-staples/,/pantry-organization/how-to-store-pantry-staples/,pantryGuide,hero,hero.jpg,1600,900,"a neatly organized pantry","Featured hero image, a neatly organized pantry a beautifully organized pantry with labeled clear glass containers, woven baskets, and natural wood shelves, ultra realistic editorial food photography, bright natural window light, white modern kitchen, premium magazine quality, 85mm lens, shallow depth of field, highly detailed texture, no people, no text, no logos, no watermarks, no AI artifacts, no cartoon, no illustration","A neatly organized pantry with labeled airtight containers","Proper airtight storage keeps a neatly organized pantry fresh for months.","Hero — immediately below the H1",/images/source/pantry-organization/how-to-store-pantry-staples/hero.jpg
/pantry-organization/how-to-store-pantry-staples/,/pantry-organization/how-to-store-pantry-staples/,pantryGuide,support,support.jpg,1200,675,"a neatly organized pantry","Detail shot, a neatly organized pantry a beautifully organized pantry with labeled clear glass containers, woven baskets, and natural wood shelves, tight crop on the storage detail, ultra realistic editorial food photography, bright natural window light, white modern kitchen, premium magazine quality, 85mm lens, shallow depth of field, highly detailed texture, no people, no text, no logos, no watermarks, no AI artifacts, no cartoon, no illustration","A neatly organized pantry with labeled airtight containers — supporting storage detail","Detail: a neatly organized pantry in airtight storage.","Supporting — after the storage table (shelf-life) or how-to steps (guides)",/images/source/pantry-organization/how-to-store-pantry-staples/support.jpg
/pantry-organization/how-to-store-pantry-staples/,/pantry-organization/how-to-store-pantry-staples/,pantryGuide,pin,pin.jpg,1000,1500,"a neatly organized pantry","Vertical editorial food photograph, a neatly organized pantry a beautifully organized pantry with labeled clear glass containers, woven baskets, and natural wood shelves, minimalist composition with clean negative space in the upper third for a title overlay, ultra realistic editorial food photography, bright natural window light, white modern kitchen, premium magazine quality, 85mm lens, shallow depth of field, highly detailed texture, no people, no text, no logos, no watermarks, no AI artifacts, no cartoon, no illustration","A neatly organized pantry with labeled airtight containers","","Dedicated Pinterest asset (1000×1500) — not rendered on page",/images/source/pantry-organization/how-to-store-pantry-staples/pin.jpg
/pantry-organization/how-to-store-pantry-staples/,/pantry-organization/how-to-store-pantry-staples/,pantryGuide,og,og.jpg,1200,630,"a neatly organized pantry","Wide horizontal editorial food photograph, a neatly organized pantry a beautifully organized pantry with labeled clear glass containers, woven baskets, and natural wood shelves, balanced composition centered on the food, ultra realistic editorial food photography, bright natural window light, white modern kitchen, premium magazine quality, 85mm lens, shallow depth of field, highly detailed texture, no people, no text, no logos, no watermarks, no AI artifacts, no cartoon, no illustration","A neatly organized pantry with labeled airtight containers","","Social share asset (1200×630) — not rendered on page",/images/source/pantry-organization/how-to-store-pantry-staples/og.jpg
/pantry-organization/pantry-container-guide/,/pantry-organization/pantry-container-guide/,pantryGuide,hero,hero.jpg,1600,900,"a neatly organized pantry","Featured hero image, a neatly organized pantry a beautifully organized pantry with labeled clear glass containers, woven baskets, and natural wood shelves, ultra realistic editorial food photography, bright natural window light, white modern kitchen, premium magazine quality, 85mm lens, shallow depth of field, highly detailed texture, no people, no text, no logos, no watermarks, no AI artifacts, no cartoon, no illustration","A neatly organized pantry with labeled airtight containers","Proper airtight storage keeps a neatly organized pantry fresh for months.","Hero — immediately below the H1",/images/source/pantry-organization/pantry-container-guide/hero.jpg
/pantry-organization/pantry-container-guide/,/pantry-organization/pantry-container-guide/,pantryGuide,support,support.jpg,1200,675,"a neatly organized pantry","Detail shot, a neatly organized pantry a beautifully organized pantry with labeled clear glass containers, woven baskets, and natural wood shelves, tight crop on the storage detail, ultra realistic editorial food photography, bright natural window light, white modern kitchen, premium magazine quality, 85mm lens, shallow depth of field, highly detailed texture, no people, no text, no logos, no watermarks, no AI artifacts, no cartoon, no illustration","A neatly organized pantry with labeled airtight containers — supporting storage detail","Detail: a neatly organized pantry in airtight storage.","Supporting — after the storage table (shelf-life) or how-to steps (guides)",/images/source/pantry-organization/pantry-container-guide/support.jpg
/pantry-organization/pantry-container-guide/,/pantry-organization/pantry-container-guide/,pantryGuide,pin,pin.jpg,1000,1500,"a neatly organized pantry","Vertical editorial food photograph, a neatly organized pantry a beautifully organized pantry with labeled clear glass containers, woven baskets, and natural wood shelves, minimalist composition with clean negative space in the upper third for a title overlay, ultra realistic editorial food photography, bright natural window light, white modern kitchen, premium magazine quality, 85mm lens, shallow depth of field, highly detailed texture, no people, no text, no logos, no watermarks, no AI artifacts, no cartoon, no illustration","A neatly organized pantry with labeled airtight containers","","Dedicated Pinterest asset (1000×1500) — not rendered on page",/images/source/pantry-organization/pantry-container-guide/pin.jpg
/pantry-organization/pantry-container-guide/,/pantry-organization/pantry-container-guide/,pantryGuide,og,og.jpg,1200,630,"a neatly organized pantry","Wide horizontal editorial food photograph, a neatly organized pantry a beautifully organized pantry with labeled clear glass containers, woven baskets, and natural wood shelves, balanced composition centered on the food, ultra realistic editorial food photography, bright natural window light, white modern kitchen, premium magazine quality, 85mm lens, shallow depth of field, highly detailed texture, no people, no text, no logos, no watermarks, no AI artifacts, no cartoon, no illustration","A neatly organized pantry with labeled airtight containers","","Social share asset (1200×630) — not rendered on page",/images/source/pantry-organization/pantry-container-guide/og.jpg
/pantry-organization/pantry-inventory-checklist/,/pantry-organization/pantry-inventory-checklist/,pantryGuide,hero,hero.jpg,1600,900,"a neatly organized pantry","Featured hero image, a neatly organized pantry a beautifully organized pantry with labeled clear glass containers, woven baskets, and natural wood shelves, ultra realistic editorial food photography, bright natural window light, white modern kitchen, premium magazine quality, 85mm lens, shallow depth of field, highly detailed texture, no people, no text, no logos, no watermarks, no AI artifacts, no cartoon, no illustration","A neatly organized pantry with labeled airtight containers","Proper airtight storage keeps a neatly organized pantry fresh for months.","Hero — immediately below the H1",/images/source/pantry-organization/pantry-inventory-checklist/hero.jpg
/pantry-organization/pantry-inventory-checklist/,/pantry-organization/pantry-inventory-checklist/,pantryGuide,support,support.jpg,1200,675,"a neatly organized pantry","Detail shot, a neatly organized pantry a beautifully organized pantry with labeled clear glass containers, woven baskets, and natural wood shelves, tight crop on the storage detail, ultra realistic editorial food photography, bright natural window light, white modern kitchen, premium magazine quality, 85mm lens, shallow depth of field, highly detailed texture, no people, no text, no logos, no watermarks, no AI artifacts, no cartoon, no illustration","A neatly organized pantry with labeled airtight containers — supporting storage detail","Detail: a neatly organized pantry in airtight storage.","Supporting — after the storage table (shelf-life) or how-to steps (guides)",/images/source/pantry-organization/pantry-inventory-checklist/support.jpg
/pantry-organization/pantry-inventory-checklist/,/pantry-organization/pantry-inventory-checklist/,pantryGuide,pin,pin.jpg,1000,1500,"a neatly organized pantry","Vertical editorial food photograph, a neatly organized pantry a beautifully organized pantry with labeled clear glass containers, woven baskets, and natural wood shelves, minimalist composition with clean negative space in the upper third for a title overlay, ultra realistic editorial food photography, bright natural window light, white modern kitchen, premium magazine quality, 85mm lens, shallow depth of field, highly detailed texture, no people, no text, no logos, no watermarks, no AI artifacts, no cartoon, no illustration","A neatly organized pantry with labeled airtight containers","","Dedicated Pinterest asset (1000×1500) — not rendered on page",/images/source/pantry-organization/pantry-inventory-checklist/pin.jpg
/pantry-organization/pantry-inventory-checklist/,/pantry-organization/pantry-inventory-checklist/,pantryGuide,og,og.jpg,1200,630,"a neatly organized pantry","Wide horizontal editorial food photograph, a neatly organized pantry a beautifully organized pantry with labeled clear glass containers, woven baskets, and natural wood shelves, balanced composition centered on the food, ultra realistic editorial food photography, bright natural window light, white modern kitchen, premium magazine quality, 85mm lens, shallow depth of field, highly detailed texture, no people, no text, no logos, no watermarks, no AI artifacts, no cartoon, no illustration","A neatly organized pantry with labeled airtight containers","","Social share asset (1200×630) — not rendered on page",/images/source/pantry-organization/pantry-inventory-checklist/og.jpg
/pantry-organization/pantry-rotation-system/,/pantry-organization/pantry-rotation-system/,pantryGuide,hero,hero.jpg,1600,900,"a neatly organized pantry","Featured hero image, a neatly organized pantry a beautifully organized pantry with labeled clear glass containers, woven baskets, and natural wood shelves, ultra realistic editorial food photography, bright natural window light, white modern kitchen, premium magazine quality, 85mm lens, shallow depth of field, highly detailed texture, no people, no text, no logos, no watermarks, no AI artifacts, no cartoon, no illustration","A neatly organized pantry with labeled airtight containers","Proper airtight storage keeps a neatly organized pantry fresh for months.","Hero — immediately below the H1",/images/source/pantry-organization/pantry-rotation-system/hero.jpg
/pantry-organization/pantry-rotation-system/,/pantry-organization/pantry-rotation-system/,pantryGuide,support,support.jpg,1200,675,"a neatly organized pantry","Detail shot, a neatly organized pantry a beautifully organized pantry with labeled clear glass containers, woven baskets, and natural wood shelves, tight crop on the storage detail, ultra realistic editorial food photography, bright natural window light, white modern kitchen, premium magazine quality, 85mm lens, shallow depth of field, highly detailed texture, no people, no text, no logos, no watermarks, no AI artifacts, no cartoon, no illustration","A neatly organized pantry with labeled airtight containers — supporting storage detail","Detail: a neatly organized pantry in airtight storage.","Supporting — after the storage table (shelf-life) or how-to steps (guides)",/images/source/pantry-organization/pantry-rotation-system/support.jpg
/pantry-organization/pantry-rotation-system/,/pantry-organization/pantry-rotation-system/,pantryGuide,pin,pin.jpg,1000,1500,"a neatly organized pantry","Vertical editorial food photograph, a neatly organized pantry a beautifully organized pantry with labeled clear glass containers, woven baskets, and natural wood shelves, minimalist composition with clean negative space in the upper third for a title overlay, ultra realistic editorial food photography, bright natural window light, white modern kitchen, premium magazine quality, 85mm lens, shallow depth of field, highly detailed texture, no people, no text, no logos, no watermarks, no AI artifacts, no cartoon, no illustration","A neatly organized pantry with labeled airtight containers","","Dedicated Pinterest asset (1000×1500) — not rendered on page",/images/source/pantry-organization/pantry-rotation-system/pin.jpg
/pantry-organization/pantry-rotation-system/,/pantry-organization/pantry-rotation-system/,pantryGuide,og,og.jpg,1200,630,"a neatly organized pantry","Wide horizontal editorial food photograph, a neatly organized pantry a beautifully organized pantry with labeled clear glass containers, woven baskets, and natural wood shelves, balanced composition centered on the food, ultra realistic editorial food photography, bright natural window light, white modern kitchen, premium magazine quality, 85mm lens, shallow depth of field, highly detailed texture, no people, no text, no logos, no watermarks, no AI artifacts, no cartoon, no illustration","A neatly organized pantry with labeled airtight containers","","Social share asset (1200×630) — not rendered on page",/images/source/pantry-organization/pantry-rotation-system/og.jpg
/pantry-organization/pantry-zones-and-layout/,/pantry-organization/pantry-zones-and-layout/,pantryGuide,hero,hero.jpg,1600,900,"a neatly organized pantry","Featured hero image, a neatly organized pantry a beautifully organized pantry with labeled clear glass containers, woven baskets, and natural wood shelves, ultra realistic editorial food photography, bright natural window light, white modern kitchen, premium magazine quality, 85mm lens, shallow depth of field, highly detailed texture, no people, no text, no logos, no watermarks, no AI artifacts, no cartoon, no illustration","A neatly organized pantry with labeled airtight containers","Proper airtight storage keeps a neatly organized pantry fresh for months.","Hero — immediately below the H1",/images/source/pantry-organization/pantry-zones-and-layout/hero.jpg
/pantry-organization/pantry-zones-and-layout/,/pantry-organization/pantry-zones-and-layout/,pantryGuide,support,support.jpg,1200,675,"a neatly organized pantry","Detail shot, a neatly organized pantry a beautifully organized pantry with labeled clear glass containers, woven baskets, and natural wood shelves, tight crop on the storage detail, ultra realistic editorial food photography, bright natural window light, white modern kitchen, premium magazine quality, 85mm lens, shallow depth of field, highly detailed texture, no people, no text, no logos, no watermarks, no AI artifacts, no cartoon, no illustration","A neatly organized pantry with labeled airtight containers — supporting storage detail","Detail: a neatly organized pantry in airtight storage.","Supporting — after the storage table (shelf-life) or how-to steps (guides)",/images/source/pantry-organization/pantry-zones-and-layout/support.jpg
/pantry-organization/pantry-zones-and-layout/,/pantry-organization/pantry-zones-and-layout/,pantryGuide,pin,pin.jpg,1000,1500,"a neatly organized pantry","Vertical editorial food photograph, a neatly organized pantry a beautifully organized pantry with labeled clear glass containers, woven baskets, and natural wood shelves, minimalist composition with clean negative space in the upper third for a title overlay, ultra realistic editorial food photography, bright natural window light, white modern kitchen, premium magazine quality, 85mm lens, shallow depth of field, highly detailed texture, no people, no text, no logos, no watermarks, no AI artifacts, no cartoon, no illustration","A neatly organized pantry with labeled airtight containers","","Dedicated Pinterest asset (1000×1500) — not rendered on page",/images/source/pantry-organization/pantry-zones-and-layout/pin.jpg
/pantry-organization/pantry-zones-and-layout/,/pantry-organization/pantry-zones-and-layout/,pantryGuide,og,og.jpg,1200,630,"a neatly organized pantry","Wide horizontal editorial food photograph, a neatly organized pantry a beautifully organized pantry with labeled clear glass containers, woven baskets, and natural wood shelves, balanced composition centered on the food, ultra realistic editorial food photography, bright natural window light, white modern kitchen, premium magazine quality, 85mm lens, shallow depth of field, highly detailed texture, no people, no text, no logos, no watermarks, no AI artifacts, no cartoon, no illustration","A neatly organized pantry with labeled airtight containers","","Social share asset (1200×630) — not rendered on page",/images/source/pantry-organization/pantry-zones-and-layout/og.jpg
/pantry-organization/seasonal-pantry-cleanout/,/pantry-organization/seasonal-pantry-cleanout/,pantryGuide,hero,hero.jpg,1600,900,"a neatly organized pantry","Featured hero image, a neatly organized pantry a beautifully organized pantry with labeled clear glass containers, woven baskets, and natural wood shelves, ultra realistic editorial food photography, bright natural window light, white modern kitchen, premium magazine quality, 85mm lens, shallow depth of field, highly detailed texture, no people, no text, no logos, no watermarks, no AI artifacts, no cartoon, no illustration","A neatly organized pantry with labeled airtight containers","Proper airtight storage keeps a neatly organized pantry fresh for months.","Hero — immediately below the H1",/images/source/pantry-organization/seasonal-pantry-cleanout/hero.jpg
/pantry-organization/seasonal-pantry-cleanout/,/pantry-organization/seasonal-pantry-cleanout/,pantryGuide,support,support.jpg,1200,675,"a neatly organized pantry","Detail shot, a neatly organized pantry a beautifully organized pantry with labeled clear glass containers, woven baskets, and natural wood shelves, tight crop on the storage detail, ultra realistic editorial food photography, bright natural window light, white modern kitchen, premium magazine quality, 85mm lens, shallow depth of field, highly detailed texture, no people, no text, no logos, no watermarks, no AI artifacts, no cartoon, no illustration","A neatly organized pantry with labeled airtight containers — supporting storage detail","Detail: a neatly organized pantry in airtight storage.","Supporting — after the storage table (shelf-life) or how-to steps (guides)",/images/source/pantry-organization/seasonal-pantry-cleanout/support.jpg
/pantry-organization/seasonal-pantry-cleanout/,/pantry-organization/seasonal-pantry-cleanout/,pantryGuide,pin,pin.jpg,1000,1500,"a neatly organized pantry","Vertical editorial food photograph, a neatly organized pantry a beautifully organized pantry with labeled clear glass containers, woven baskets, and natural wood shelves, minimalist composition with clean negative space in the upper third for a title overlay, ultra realistic editorial food photography, bright natural window light, white modern kitchen, premium magazine quality, 85mm lens, shallow depth of field, highly detailed texture, no people, no text, no logos, no watermarks, no AI artifacts, no cartoon, no illustration","A neatly organized pantry with labeled airtight containers","","Dedicated Pinterest asset (1000×1500) — not rendered on page",/images/source/pantry-organization/seasonal-pantry-cleanout/pin.jpg
/pantry-organization/seasonal-pantry-cleanout/,/pantry-organization/seasonal-pantry-cleanout/,pantryGuide,og,og.jpg,1200,630,"a neatly organized pantry","Wide horizontal editorial food photograph, a neatly organized pantry a beautifully organized pantry with labeled clear glass containers, woven baskets, and natural wood shelves, balanced composition centered on the food, ultra realistic editorial food photography, bright natural window light, white modern kitchen, premium magazine quality, 85mm lens, shallow depth of field, highly detailed texture, no people, no text, no logos, no watermarks, no AI artifacts, no cartoon, no illustration","A neatly organized pantry with labeled airtight containers","","Social share asset (1200×630) — not rendered on page",/images/source/pantry-organization/seasonal-pantry-cleanout/og.jpg
/pantry-organization/small-pantry-organization/,/pantry-organization/small-pantry-organization/,pantryGuide,hero,hero.jpg,1600,900,"a neatly organized pantry","Featured hero image, a neatly organized pantry a beautifully organized pantry with labeled clear glass containers, woven baskets, and natural wood shelves, ultra realistic editorial food photography, bright natural window light, white modern kitchen, premium magazine quality, 85mm lens, shallow depth of field, highly detailed texture, no people, no text, no logos, no watermarks, no AI artifacts, no cartoon, no illustration","A neatly organized pantry with labeled airtight containers","Proper airtight storage keeps a neatly organized pantry fresh for months.","Hero — immediately below the H1",/images/source/pantry-organization/small-pantry-organization/hero.jpg
/pantry-organization/small-pantry-organization/,/pantry-organization/small-pantry-organization/,pantryGuide,support,support.jpg,1200,675,"a neatly organized pantry","Detail shot, a neatly organized pantry a beautifully organized pantry with labeled clear glass containers, woven baskets, and natural wood shelves, tight crop on the storage detail, ultra realistic editorial food photography, bright natural window light, white modern kitchen, premium magazine quality, 85mm lens, shallow depth of field, highly detailed texture, no people, no text, no logos, no watermarks, no AI artifacts, no cartoon, no illustration","A neatly organized pantry with labeled airtight containers — supporting storage detail","Detail: a neatly organized pantry in airtight storage.","Supporting — after the storage table (shelf-life) or how-to steps (guides)",/images/source/pantry-organization/small-pantry-organization/support.jpg
/pantry-organization/small-pantry-organization/,/pantry-organization/small-pantry-organization/,pantryGuide,pin,pin.jpg,1000,1500,"a neatly organized pantry","Vertical editorial food photograph, a neatly organized pantry a beautifully organized pantry with labeled clear glass containers, woven baskets, and natural wood shelves, minimalist composition with clean negative space in the upper third for a title overlay, ultra realistic editorial food photography, bright natural window light, white modern kitchen, premium magazine quality, 85mm lens, shallow depth of field, highly detailed texture, no people, no text, no logos, no watermarks, no AI artifacts, no cartoon, no illustration","A neatly organized pantry with labeled airtight containers","","Dedicated Pinterest asset (1000×1500) — not rendered on page",/images/source/pantry-organization/small-pantry-organization/pin.jpg
/pantry-organization/small-pantry-organization/,/pantry-organization/small-pantry-organization/,pantryGuide,og,og.jpg,1200,630,"a neatly organized pantry","Wide horizontal editorial food photograph, a neatly organized pantry a beautifully organized pantry with labeled clear glass containers, woven baskets, and natural wood shelves, balanced composition centered on the food, ultra realistic editorial food photography, bright natural window light, white modern kitchen, premium magazine quality, 85mm lens, shallow depth of field, highly detailed texture, no people, no text, no logos, no watermarks, no AI artifacts, no cartoon, no illustration","A neatly organized pantry with labeled airtight containers","","Social share asset (1200×630) — not rendered on page",/images/source/pantry-organization/small-pantry-organization/og.jpg
/pantry-organization/the-fifo-pantry-system/,/pantry-organization/the-fifo-pantry-system/,pantryGuide,hero,hero.jpg,1600,900,"a neatly organized pantry","Featured hero image, a neatly organized pantry a beautifully organized pantry with labeled clear glass containers, woven baskets, and natural wood shelves, ultra realistic editorial food photography, bright natural window light, white modern kitchen, premium magazine quality, 85mm lens, shallow depth of field, highly detailed texture, no people, no text, no logos, no watermarks, no AI artifacts, no cartoon, no illustration","A neatly organized pantry with labeled airtight containers","Proper airtight storage keeps a neatly organized pantry fresh for months.","Hero — immediately below the H1",/images/source/pantry-organization/the-fifo-pantry-system/hero.jpg
/pantry-organization/the-fifo-pantry-system/,/pantry-organization/the-fifo-pantry-system/,pantryGuide,support,support.jpg,1200,675,"a neatly organized pantry","Detail shot, a neatly organized pantry a beautifully organized pantry with labeled clear glass containers, woven baskets, and natural wood shelves, tight crop on the storage detail, ultra realistic editorial food photography, bright natural window light, white modern kitchen, premium magazine quality, 85mm lens, shallow depth of field, highly detailed texture, no people, no text, no logos, no watermarks, no AI artifacts, no cartoon, no illustration","A neatly organized pantry with labeled airtight containers — supporting storage detail","Detail: a neatly organized pantry in airtight storage.","Supporting — after the storage table (shelf-life) or how-to steps (guides)",/images/source/pantry-organization/the-fifo-pantry-system/support.jpg
/pantry-organization/the-fifo-pantry-system/,/pantry-organization/the-fifo-pantry-system/,pantryGuide,pin,pin.jpg,1000,1500,"a neatly organized pantry","Vertical editorial food photograph, a neatly organized pantry a beautifully organized pantry with labeled clear glass containers, woven baskets, and natural wood shelves, minimalist composition with clean negative space in the upper third for a title overlay, ultra realistic editorial food photography, bright natural window light, white modern kitchen, premium magazine quality, 85mm lens, shallow depth of field, highly detailed texture, no people, no text, no logos, no watermarks, no AI artifacts, no cartoon, no illustration","A neatly organized pantry with labeled airtight containers","","Dedicated Pinterest asset (1000×1500) — not rendered on page",/images/source/pantry-organization/the-fifo-pantry-system/pin.jpg
/pantry-organization/the-fifo-pantry-system/,/pantry-organization/the-fifo-pantry-system/,pantryGuide,og,og.jpg,1200,630,"a neatly organized pantry","Wide horizontal editorial food photograph, a neatly organized pantry a beautifully organized pantry with labeled clear glass containers, woven baskets, and natural wood shelves, balanced composition centered on the food, ultra realistic editorial food photography, bright natural window light, white modern kitchen, premium magazine quality, 85mm lens, shallow depth of field, highly detailed texture, no people, no text, no logos, no watermarks, no AI artifacts, no cartoon, no illustration","A neatly organized pantry with labeled airtight containers","","Social share asset (1200×630) — not rendered on page",/images/source/pantry-organization/the-fifo-pantry-system/og.jpg
/pantry-organization/,/pantry-organization/,pillar,hero,hero.jpg,1600,900,"organized pantry staples","Featured hero image, organized pantry staples a bright modern kitchen pantry with organized airtight glass containers, ultra realistic editorial food photography, bright natural window light, white modern kitchen, premium magazine quality, 85mm lens, shallow depth of field, highly detailed texture, no people, no text, no logos, no watermarks, no AI artifacts, no cartoon, no illustration","Organized pantry staples arranged in a bright, organized pantry","","Hero — immediately below the H1",/images/source/pantry-organization/hero.jpg
/pantry-organization/,/pantry-organization/,pillar,pin,pin.jpg,1000,1500,"organized pantry staples","Vertical editorial food photograph, organized pantry staples a bright modern kitchen pantry with organized airtight glass containers, minimalist composition with clean negative space in the upper third for a title overlay, ultra realistic editorial food photography, bright natural window light, white modern kitchen, premium magazine quality, 85mm lens, shallow depth of field, highly detailed texture, no people, no text, no logos, no watermarks, no AI artifacts, no cartoon, no illustration","Organized pantry staples arranged in a bright, organized pantry","","Dedicated Pinterest asset (1000×1500) — not rendered on page",/images/source/pantry-organization/pin.jpg
/pantry-organization/,/pantry-organization/,pillar,og,og.jpg,1200,630,"organized pantry staples","Wide horizontal editorial food photograph, organized pantry staples a bright modern kitchen pantry with organized airtight glass containers, balanced composition centered on the food, ultra realistic editorial food photography, bright natural window light, white modern kitchen, premium magazine quality, 85mm lens, shallow depth of field, highly detailed texture, no people, no text, no logos, no watermarks, no AI artifacts, no cartoon, no illustration","Organized pantry staples arranged in a bright, organized pantry","","Social share asset (1200×630) — not rendered on page",/images/source/pantry-organization/og.jpg
/shelf-life/dairy/how-long-does-butter-last/,/shelf-life/dairy/how-long-does-butter-last/,shelfLife,hero,hero.jpg,1600,900,"a block of butter wrapped in parchment paper","Featured hero image, a block of butter wrapped in parchment paper in a clear airtight glass container on a natural wood pantry shelf, surrounded by organized jars and canisters, ultra realistic editorial food photography, bright natural window light, white modern kitchen, premium magazine quality, 85mm lens, shallow depth of field, highly detailed texture, no people, no text, no logos, no watermarks, no AI artifacts, no cartoon, no illustration","A block of butter wrapped in parchment paper stored in an airtight glass container on a pantry shelf","Airtight storage keeps a block of butter wrapped in parchment paper fresh for its full shelf life.","Hero — immediately below the H1",/images/source/shelf-life/dairy/how-long-does-butter-last/hero.jpg
/shelf-life/dairy/how-long-does-butter-last/,/shelf-life/dairy/how-long-does-butter-last/,shelfLife,support,support.jpg,1200,675,"a block of butter wrapped in parchment paper","Detail shot, a block of butter wrapped in parchment paper in a clear airtight glass container on a natural wood pantry shelf, surrounded by organized jars and canisters, tight crop on the storage detail, ultra realistic editorial food photography, bright natural window light, white modern kitchen, premium magazine quality, 85mm lens, shallow depth of field, highly detailed texture, no people, no text, no logos, no watermarks, no AI artifacts, no cartoon, no illustration","A block of butter wrapped in parchment paper stored in an airtight glass container on a pantry shelf — supporting storage...","Detail: a block of butter wrapped in parchment paper in airtight storage.","Supporting — after the storage table (shelf-life) or how-to steps (guides)",/images/source/shelf-life/dairy/how-long-does-butter-last/support.jpg
/shelf-life/dairy/how-long-does-butter-last/,/shelf-life/dairy/how-long-does-butter-last/,shelfLife,pin,pin.jpg,1000,1500,"a block of butter wrapped in parchment paper","Vertical editorial food photograph, a block of butter wrapped in parchment paper in a clear airtight glass container on a natural wood pantry shelf, surrounded by organized jars and canisters, minimalist composition with clean negative space in the upper third for a title overlay, ultra realistic editorial food photography, bright natural window light, white modern kitchen, premium magazine quality, 85mm lens, shallow depth of field, highly detailed texture, no people, no text, no logos, no watermarks, no AI artifacts, no cartoon, no illustration","A block of butter wrapped in parchment paper stored in an airtight glass container on a pantry shelf","","Dedicated Pinterest asset (1000×1500) — not rendered on page",/images/source/shelf-life/dairy/how-long-does-butter-last/pin.jpg
/shelf-life/dairy/how-long-does-butter-last/,/shelf-life/dairy/how-long-does-butter-last/,shelfLife,og,og.jpg,1200,630,"a block of butter wrapped in parchment paper","Wide horizontal editorial food photograph, a block of butter wrapped in parchment paper in a clear airtight glass container on a natural wood pantry shelf, surrounded by organized jars and canisters, balanced composition centered on the food, ultra realistic editorial food photography, bright natural window light, white modern kitchen, premium magazine quality, 85mm lens, shallow depth of field, highly detailed texture, no people, no text, no logos, no watermarks, no AI artifacts, no cartoon, no illustration","A block of butter wrapped in parchment paper stored in an airtight glass container on a pantry shelf","","Social share asset (1200×630) — not rendered on page",/images/source/shelf-life/dairy/how-long-does-butter-last/og.jpg
/shelf-life/dairy/how-long-does-cheese-last/,/shelf-life/dairy/how-long-does-cheese-last/,shelfLife,hero,hero.jpg,1600,900,"a wedge of artisanal cheese","Featured hero image, a wedge of artisanal cheese in a clear airtight glass container on a natural wood pantry shelf, surrounded by organized jars and canisters, ultra realistic editorial food photography, bright natural window light, white modern kitchen, premium magazine quality, 85mm lens, shallow depth of field, highly detailed texture, no people, no text, no logos, no watermarks, no AI artifacts, no cartoon, no illustration","A wedge of artisanal cheese stored in an airtight glass container on a pantry shelf","Airtight storage keeps a wedge of artisanal cheese fresh for its full shelf life.","Hero — immediately below the H1",/images/source/shelf-life/dairy/how-long-does-cheese-last/hero.jpg
/shelf-life/dairy/how-long-does-cheese-last/,/shelf-life/dairy/how-long-does-cheese-last/,shelfLife,support,support.jpg,1200,675,"a wedge of artisanal cheese","Detail shot, a wedge of artisanal cheese in a clear airtight glass container on a natural wood pantry shelf, surrounded by organized jars and canisters, tight crop on the storage detail, ultra realistic editorial food photography, bright natural window light, white modern kitchen, premium magazine quality, 85mm lens, shallow depth of field, highly detailed texture, no people, no text, no logos, no watermarks, no AI artifacts, no cartoon, no illustration","A wedge of artisanal cheese stored in an airtight glass container on a pantry shelf — supporting storage detail","Detail: a wedge of artisanal cheese in airtight storage.","Supporting — after the storage table (shelf-life) or how-to steps (guides)",/images/source/shelf-life/dairy/how-long-does-cheese-last/support.jpg
/shelf-life/dairy/how-long-does-cheese-last/,/shelf-life/dairy/how-long-does-cheese-last/,shelfLife,pin,pin.jpg,1000,1500,"a wedge of artisanal cheese","Vertical editorial food photograph, a wedge of artisanal cheese in a clear airtight glass container on a natural wood pantry shelf, surrounded by organized jars and canisters, minimalist composition with clean negative space in the upper third for a title overlay, ultra realistic editorial food photography, bright natural window light, white modern kitchen, premium magazine quality, 85mm lens, shallow depth of field, highly detailed texture, no people, no text, no logos, no watermarks, no AI artifacts, no cartoon, no illustration","A wedge of artisanal cheese stored in an airtight glass container on a pantry shelf","","Dedicated Pinterest asset (1000×1500) — not rendered on page",/images/source/shelf-life/dairy/how-long-does-cheese-last/pin.jpg
/shelf-life/dairy/how-long-does-cheese-last/,/shelf-life/dairy/how-long-does-cheese-last/,shelfLife,og,og.jpg,1200,630,"a wedge of artisanal cheese","Wide horizontal editorial food photograph, a wedge of artisanal cheese in a clear airtight glass container on a natural wood pantry shelf, surrounded by organized jars and canisters, balanced composition centered on the food, ultra realistic editorial food photography, bright natural window light, white modern kitchen, premium magazine quality, 85mm lens, shallow depth of field, highly detailed texture, no people, no text, no logos, no watermarks, no AI artifacts, no cartoon, no illustration","A wedge of artisanal cheese stored in an airtight glass container on a pantry shelf","","Social share asset (1200×630) — not rendered on page",/images/source/shelf-life/dairy/how-long-does-cheese-last/og.jpg
/shelf-life/dairy/how-long-does-eggs-last/,/shelf-life/dairy/how-long-does-eggs-last/,shelfLife,hero,hero.jpg,1600,900,"fresh eggs in a clean egg tray","Featured hero image, fresh eggs in a clean egg tray in a clear airtight glass container on a natural wood pantry shelf, surrounded by organized jars and canisters, ultra realistic editorial food photography, bright natural window light, white modern kitchen, premium magazine quality, 85mm lens, shallow depth of field, highly detailed texture, no people, no text, no logos, no watermarks, no AI artifacts, no cartoon, no illustration","Fresh eggs in a clean egg tray stored in an airtight glass container on a pantry shelf","Airtight storage keeps fresh eggs in a clean egg tray fresh for its full shelf life.","Hero — immediately below the H1",/images/source/shelf-life/dairy/how-long-does-eggs-last/hero.jpg
/shelf-life/dairy/how-long-does-eggs-last/,/shelf-life/dairy/how-long-does-eggs-last/,shelfLife,support,support.jpg,1200,675,"fresh eggs in a clean egg tray","Detail shot, fresh eggs in a clean egg tray in a clear airtight glass container on a natural wood pantry shelf, surrounded by organized jars and canisters, tight crop on the storage detail, ultra realistic editorial food photography, bright natural window light, white modern kitchen, premium magazine quality, 85mm lens, shallow depth of field, highly detailed texture, no people, no text, no logos, no watermarks, no AI artifacts, no cartoon, no illustration","Fresh eggs in a clean egg tray stored in an airtight glass container on a pantry shelf — supporting storage detail","Detail: fresh eggs in a clean egg tray in airtight storage.","Supporting — after the storage table (shelf-life) or how-to steps (guides)",/images/source/shelf-life/dairy/how-long-does-eggs-last/support.jpg
/shelf-life/dairy/how-long-does-eggs-last/,/shelf-life/dairy/how-long-does-eggs-last/,shelfLife,pin,pin.jpg,1000,1500,"fresh eggs in a clean egg tray","Vertical editorial food photograph, fresh eggs in a clean egg tray in a clear airtight glass container on a natural wood pantry shelf, surrounded by organized jars and canisters, minimalist composition with clean negative space in the upper third for a title overlay, ultra realistic editorial food photography, bright natural window light, white modern kitchen, premium magazine quality, 85mm lens, shallow depth of field, highly detailed texture, no people, no text, no logos, no watermarks, no AI artifacts, no cartoon, no illustration","Fresh eggs in a clean egg tray stored in an airtight glass container on a pantry shelf","","Dedicated Pinterest asset (1000×1500) — not rendered on page",/images/source/shelf-life/dairy/how-long-does-eggs-last/pin.jpg
/shelf-life/dairy/how-long-does-eggs-last/,/shelf-life/dairy/how-long-does-eggs-last/,shelfLife,og,og.jpg,1200,630,"fresh eggs in a clean egg tray","Wide horizontal editorial food photograph, fresh eggs in a clean egg tray in a clear airtight glass container on a natural wood pantry shelf, surrounded by organized jars and canisters, balanced composition centered on the food, ultra realistic editorial food photography, bright natural window light, white modern kitchen, premium magazine quality, 85mm lens, shallow depth of field, highly detailed texture, no people, no text, no logos, no watermarks, no AI artifacts, no cartoon, no illustration","Fresh eggs in a clean egg tray stored in an airtight glass container on a pantry shelf","","Social share asset (1200×630) — not rendered on page",/images/source/shelf-life/dairy/how-long-does-eggs-last/og.jpg
/shelf-life/dairy/how-long-does-milk-last/,/shelf-life/dairy/how-long-does-milk-last/,shelfLife,hero,hero.jpg,1600,900,"fresh milk in a glass bottle","Featured hero image, fresh milk in a glass bottle in a clear airtight glass container on a natural wood pantry shelf, surrounded by organized jars and canisters, ultra realistic editorial food photography, bright natural window light, white modern kitchen, premium magazine quality, 85mm lens, shallow depth of field, highly detailed texture, no people, no text, no logos, no watermarks, no AI artifacts, no cartoon, no illustration","Fresh milk in a glass bottle stored in an airtight glass container on a pantry shelf","Airtight storage keeps fresh milk in a glass bottle fresh for its full shelf life.","Hero — immediately below the H1",/images/source/shelf-life/dairy/how-long-does-milk-last/hero.jpg
/shelf-life/dairy/how-long-does-milk-last/,/shelf-life/dairy/how-long-does-milk-last/,shelfLife,support,support.jpg,1200,675,"fresh milk in a glass bottle","Detail shot, fresh milk in a glass bottle in a clear airtight glass container on a natural wood pantry shelf, surrounded by organized jars and canisters, tight crop on the storage detail, ultra realistic editorial food photography, bright natural window light, white modern kitchen, premium magazine quality, 85mm lens, shallow depth of field, highly detailed texture, no people, no text, no logos, no watermarks, no AI artifacts, no cartoon, no illustration","Fresh milk in a glass bottle stored in an airtight glass container on a pantry shelf — supporting storage detail","Detail: fresh milk in a glass bottle in airtight storage.","Supporting — after the storage table (shelf-life) or how-to steps (guides)",/images/source/shelf-life/dairy/how-long-does-milk-last/support.jpg
/shelf-life/dairy/how-long-does-milk-last/,/shelf-life/dairy/how-long-does-milk-last/,shelfLife,pin,pin.jpg,1000,1500,"fresh milk in a glass bottle","Vertical editorial food photograph, fresh milk in a glass bottle in a clear airtight glass container on a natural wood pantry shelf, surrounded by organized jars and canisters, minimalist composition with clean negative space in the upper third for a title overlay, ultra realistic editorial food photography, bright natural window light, white modern kitchen, premium magazine quality, 85mm lens, shallow depth of field, highly detailed texture, no people, no text, no logos, no watermarks, no AI artifacts, no cartoon, no illustration","Fresh milk in a glass bottle stored in an airtight glass container on a pantry shelf","","Dedicated Pinterest asset (1000×1500) — not rendered on page",/images/source/shelf-life/dairy/how-long-does-milk-last/pin.jpg
/shelf-life/dairy/how-long-does-milk-last/,/shelf-life/dairy/how-long-does-milk-last/,shelfLife,og,og.jpg,1200,630,"fresh milk in a glass bottle","Wide horizontal editorial food photograph, fresh milk in a glass bottle in a clear airtight glass container on a natural wood pantry shelf, surrounded by organized jars and canisters, balanced composition centered on the food, ultra realistic editorial food photography, bright natural window light, white modern kitchen, premium magazine quality, 85mm lens, shallow depth of field, highly detailed texture, no people, no text, no logos, no watermarks, no AI artifacts, no cartoon, no illustration","Fresh milk in a glass bottle stored in an airtight glass container on a pantry shelf","","Social share asset (1200×630) — not rendered on page",/images/source/shelf-life/dairy/how-long-does-milk-last/og.jpg
/shelf-life/dairy/how-long-does-yogurt-last/,/shelf-life/dairy/how-long-does-yogurt-last/,shelfLife,hero,hero.jpg,1600,900,"thick yogurt in a glass jar","Featured hero image, thick yogurt in a glass jar in a clear airtight glass container on a natural wood pantry shelf, surrounded by organized jars and canisters, ultra realistic editorial food photography, bright natural window light, white modern kitchen, premium magazine quality, 85mm lens, shallow depth of field, highly detailed texture, no people, no text, no logos, no watermarks, no AI artifacts, no cartoon, no illustration","Thick yogurt in a glass jar stored in an airtight glass container on a pantry shelf","Airtight storage keeps thick yogurt in a glass jar fresh for its full shelf life.","Hero — immediately below the H1",/images/source/shelf-life/dairy/how-long-does-yogurt-last/hero.jpg
/shelf-life/dairy/how-long-does-yogurt-last/,/shelf-life/dairy/how-long-does-yogurt-last/,shelfLife,support,support.jpg,1200,675,"thick yogurt in a glass jar","Detail shot, thick yogurt in a glass jar in a clear airtight glass container on a natural wood pantry shelf, surrounded by organized jars and canisters, tight crop on the storage detail, ultra realistic editorial food photography, bright natural window light, white modern kitchen, premium magazine quality, 85mm lens, shallow depth of field, highly detailed texture, no people, no text, no logos, no watermarks, no AI artifacts, no cartoon, no illustration","Thick yogurt in a glass jar stored in an airtight glass container on a pantry shelf — supporting storage detail","Detail: thick yogurt in a glass jar in airtight storage.","Supporting — after the storage table (shelf-life) or how-to steps (guides)",/images/source/shelf-life/dairy/how-long-does-yogurt-last/support.jpg
/shelf-life/dairy/how-long-does-yogurt-last/,/shelf-life/dairy/how-long-does-yogurt-last/,shelfLife,pin,pin.jpg,1000,1500,"thick yogurt in a glass jar","Vertical editorial food photograph, thick yogurt in a glass jar in a clear airtight glass container on a natural wood pantry shelf, surrounded by organized jars and canisters, minimalist composition with clean negative space in the upper third for a title overlay, ultra realistic editorial food photography, bright natural window light, white modern kitchen, premium magazine quality, 85mm lens, shallow depth of field, highly detailed texture, no people, no text, no logos, no watermarks, no AI artifacts, no cartoon, no illustration","Thick yogurt in a glass jar stored in an airtight glass container on a pantry shelf","","Dedicated Pinterest asset (1000×1500) — not rendered on page",/images/source/shelf-life/dairy/how-long-does-yogurt-last/pin.jpg
/shelf-life/dairy/how-long-does-yogurt-last/,/shelf-life/dairy/how-long-does-yogurt-last/,shelfLife,og,og.jpg,1200,630,"thick yogurt in a glass jar","Wide horizontal editorial food photograph, thick yogurt in a glass jar in a clear airtight glass container on a natural wood pantry shelf, surrounded by organized jars and canisters, balanced composition centered on the food, ultra realistic editorial food photography, bright natural window light, white modern kitchen, premium magazine quality, 85mm lens, shallow depth of field, highly detailed texture, no people, no text, no logos, no watermarks, no AI artifacts, no cartoon, no illustration","Thick yogurt in a glass jar stored in an airtight glass container on a pantry shelf","","Social share asset (1200×630) — not rendered on page",/images/source/shelf-life/dairy/how-long-does-yogurt-last/og.jpg
/shelf-life/dairy/,/shelf-life/dairy/,category,hero,hero.jpg,1600,900,"dairy foods","Featured hero image, dairy foods a tidy arrangement of dairy foods in a clean modern refrigerator, ultra realistic editorial food photography, bright natural window light, white modern kitchen, premium magazine quality, 85mm lens, shallow depth of field, highly detailed texture, no people, no text, no logos, no watermarks, no AI artifacts, no cartoon, no illustration","Dairy foods arranged in a bright, organized pantry","","Hero — immediately below the H1",/images/source/shelf-life/dairy/hero.jpg
/shelf-life/dairy/,/shelf-life/dairy/,category,pin,pin.jpg,1000,1500,"dairy foods","Vertical editorial food photograph, dairy foods a tidy arrangement of dairy foods in a clean modern refrigerator, minimalist composition with clean negative space in the upper third for a title overlay, ultra realistic editorial food photography, bright natural window light, white modern kitchen, premium magazine quality, 85mm lens, shallow depth of field, highly detailed texture, no people, no text, no logos, no watermarks, no AI artifacts, no cartoon, no illustration","Dairy foods arranged in a bright, organized pantry","","Dedicated Pinterest asset (1000×1500) — not rendered on page",/images/source/shelf-life/dairy/pin.jpg
/shelf-life/dairy/,/shelf-life/dairy/,category,og,og.jpg,1200,630,"dairy foods","Wide horizontal editorial food photograph, dairy foods a tidy arrangement of dairy foods in a clean modern refrigerator, balanced composition centered on the food, ultra realistic editorial food photography, bright natural window light, white modern kitchen, premium magazine quality, 85mm lens, shallow depth of field, highly detailed texture, no people, no text, no logos, no watermarks, no AI artifacts, no cartoon, no illustration","Dairy foods arranged in a bright, organized pantry","","Social share asset (1200×630) — not rendered on page",/images/source/shelf-life/dairy/og.jpg
/shelf-life/freezer/,/shelf-life/freezer/,category,hero,hero.jpg,1600,900,"frozen food packages","Featured hero image, frozen food packages a tidy arrangement of frozen food packages in a bright modern kitchen pantry, ultra realistic editorial food photography, bright natural window light, white modern kitchen, premium magazine quality, 85mm lens, shallow depth of field, highly detailed texture, no people, no text, no logos, no watermarks, no AI artifacts, no cartoon, no illustration","Frozen food packages arranged in a bright, organized pantry","","Hero — immediately below the H1",/images/source/shelf-life/freezer/hero.jpg
/shelf-life/freezer/,/shelf-life/freezer/,category,pin,pin.jpg,1000,1500,"frozen food packages","Vertical editorial food photograph, frozen food packages a tidy arrangement of frozen food packages in a bright modern kitchen pantry, minimalist composition with clean negative space in the upper third for a title overlay, ultra realistic editorial food photography, bright natural window light, white modern kitchen, premium magazine quality, 85mm lens, shallow depth of field, highly detailed texture, no people, no text, no logos, no watermarks, no AI artifacts, no cartoon, no illustration","Frozen food packages arranged in a bright, organized pantry","","Dedicated Pinterest asset (1000×1500) — not rendered on page",/images/source/shelf-life/freezer/pin.jpg
/shelf-life/freezer/,/shelf-life/freezer/,category,og,og.jpg,1200,630,"frozen food packages","Wide horizontal editorial food photograph, frozen food packages a tidy arrangement of frozen food packages in a bright modern kitchen pantry, balanced composition centered on the food, ultra realistic editorial food photography, bright natural window light, white modern kitchen, premium magazine quality, 85mm lens, shallow depth of field, highly detailed texture, no people, no text, no logos, no watermarks, no AI artifacts, no cartoon, no illustration","Frozen food packages arranged in a bright, organized pantry","","Social share asset (1200×630) — not rendered on page",/images/source/shelf-life/freezer/og.jpg
/shelf-life/meat/how-long-does-chicken-last/,/shelf-life/meat/how-long-does-chicken-last/,shelfLife,hero,hero.jpg,1600,900,"raw chicken breast","Featured hero image, raw chicken breast portioned and wrapped in airtight freezer packaging on a clean white kitchen counter, ultra realistic editorial food photography, bright natural window light, white modern kitchen, premium magazine quality, 85mm lens, shallow depth of field, highly detailed texture, no people, no text, no logos, no watermarks, no AI artifacts, no cartoon, no illustration","Raw chicken breast wrapped airtight and ready for the freezer","Airtight storage keeps raw chicken breast fresh for its full shelf life.","Hero — immediately below the H1",/images/source/shelf-life/meat/how-long-does-chicken-last/hero.jpg
/shelf-life/meat/how-long-does-chicken-last/,/shelf-life/meat/how-long-does-chicken-last/,shelfLife,support,support.jpg,1200,675,"raw chicken breast","Detail shot, raw chicken breast portioned and wrapped in airtight freezer packaging on a clean white kitchen counter, tight crop on the storage detail, ultra realistic editorial food photography, bright natural window light, white modern kitchen, premium magazine quality, 85mm lens, shallow depth of field, highly detailed texture, no people, no text, no logos, no watermarks, no AI artifacts, no cartoon, no illustration","Raw chicken breast wrapped airtight and ready for the freezer — supporting storage detail","Detail: raw chicken breast in airtight storage.","Supporting — after the storage table (shelf-life) or how-to steps (guides)",/images/source/shelf-life/meat/how-long-does-chicken-last/support.jpg
/shelf-life/meat/how-long-does-chicken-last/,/shelf-life/meat/how-long-does-chicken-last/,shelfLife,pin,pin.jpg,1000,1500,"raw chicken breast","Vertical editorial food photograph, raw chicken breast portioned and wrapped in airtight freezer packaging on a clean white kitchen counter, minimalist composition with clean negative space in the upper third for a title overlay, ultra realistic editorial food photography, bright natural window light, white modern kitchen, premium magazine quality, 85mm lens, shallow depth of field, highly detailed texture, no people, no text, no logos, no watermarks, no AI artifacts, no cartoon, no illustration","Raw chicken breast wrapped airtight and ready for the freezer","","Dedicated Pinterest asset (1000×1500) — not rendered on page",/images/source/shelf-life/meat/how-long-does-chicken-last/pin.jpg
/shelf-life/meat/how-long-does-chicken-last/,/shelf-life/meat/how-long-does-chicken-last/,shelfLife,og,og.jpg,1200,630,"raw chicken breast","Wide horizontal editorial food photograph, raw chicken breast portioned and wrapped in airtight freezer packaging on a clean white kitchen counter, balanced composition centered on the food, ultra realistic editorial food photography, bright natural window light, white modern kitchen, premium magazine quality, 85mm lens, shallow depth of field, highly detailed texture, no people, no text, no logos, no watermarks, no AI artifacts, no cartoon, no illustration","Raw chicken breast wrapped airtight and ready for the freezer","","Social share asset (1200×630) — not rendered on page",/images/source/shelf-life/meat/how-long-does-chicken-last/og.jpg
/shelf-life/meat/how-long-does-ground-beef-last/,/shelf-life/meat/how-long-does-ground-beef-last/,shelfLife,hero,hero.jpg,1600,900,"fresh ground beef","Featured hero image, fresh ground beef portioned and wrapped in airtight freezer packaging on a clean white kitchen counter, ultra realistic editorial food photography, bright natural window light, white modern kitchen, premium magazine quality, 85mm lens, shallow depth of field, highly detailed texture, no people, no text, no logos, no watermarks, no AI artifacts, no cartoon, no illustration","Fresh ground beef wrapped airtight and ready for the freezer","Airtight storage keeps fresh ground beef fresh for its full shelf life.","Hero — immediately below the H1",/images/source/shelf-life/meat/how-long-does-ground-beef-last/hero.jpg
/shelf-life/meat/how-long-does-ground-beef-last/,/shelf-life/meat/how-long-does-ground-beef-last/,shelfLife,support,support.jpg,1200,675,"fresh ground beef","Detail shot, fresh ground beef portioned and wrapped in airtight freezer packaging on a clean white kitchen counter, tight crop on the storage detail, ultra realistic editorial food photography, bright natural window light, white modern kitchen, premium magazine quality, 85mm lens, shallow depth of field, highly detailed texture, no people, no text, no logos, no watermarks, no AI artifacts, no cartoon, no illustration","Fresh ground beef wrapped airtight and ready for the freezer — supporting storage detail","Detail: fresh ground beef in airtight storage.","Supporting — after the storage table (shelf-life) or how-to steps (guides)",/images/source/shelf-life/meat/how-long-does-ground-beef-last/support.jpg
/shelf-life/meat/how-long-does-ground-beef-last/,/shelf-life/meat/how-long-does-ground-beef-last/,shelfLife,pin,pin.jpg,1000,1500,"fresh ground beef","Vertical editorial food photograph, fresh ground beef portioned and wrapped in airtight freezer packaging on a clean white kitchen counter, minimalist composition with clean negative space in the upper third for a title overlay, ultra realistic editorial food photography, bright natural window light, white modern kitchen, premium magazine quality, 85mm lens, shallow depth of field, highly detailed texture, no people, no text, no logos, no watermarks, no AI artifacts, no cartoon, no illustration","Fresh ground beef wrapped airtight and ready for the freezer","","Dedicated Pinterest asset (1000×1500) — not rendered on page",/images/source/shelf-life/meat/how-long-does-ground-beef-last/pin.jpg
/shelf-life/meat/how-long-does-ground-beef-last/,/shelf-life/meat/how-long-does-ground-beef-last/,shelfLife,og,og.jpg,1200,630,"fresh ground beef","Wide horizontal editorial food photograph, fresh ground beef portioned and wrapped in airtight freezer packaging on a clean white kitchen counter, balanced composition centered on the food, ultra realistic editorial food photography, bright natural window light, white modern kitchen, premium magazine quality, 85mm lens, shallow depth of field, highly detailed texture, no people, no text, no logos, no watermarks, no AI artifacts, no cartoon, no illustration","Fresh ground beef wrapped airtight and ready for the freezer","","Social share asset (1200×630) — not rendered on page",/images/source/shelf-life/meat/how-long-does-ground-beef-last/og.jpg
/shelf-life/meat/how-long-does-salmon-last/,/shelf-life/meat/how-long-does-salmon-last/,shelfLife,hero,hero.jpg,1600,900,"fresh salmon fillets","Featured hero image, fresh salmon fillets portioned and wrapped in airtight freezer packaging on a clean white kitchen counter, ultra realistic editorial food photography, bright natural window light, white modern kitchen, premium magazine quality, 85mm lens, shallow depth of field, highly detailed texture, no people, no text, no logos, no watermarks, no AI artifacts, no cartoon, no illustration","Fresh salmon fillets wrapped airtight and ready for the freezer","Airtight storage keeps fresh salmon fillets fresh for its full shelf life.","Hero — immediately below the H1",/images/source/shelf-life/meat/how-long-does-salmon-last/hero.jpg
/shelf-life/meat/how-long-does-salmon-last/,/shelf-life/meat/how-long-does-salmon-last/,shelfLife,support,support.jpg,1200,675,"fresh salmon fillets","Detail shot, fresh salmon fillets portioned and wrapped in airtight freezer packaging on a clean white kitchen counter, tight crop on the storage detail, ultra realistic editorial food photography, bright natural window light, white modern kitchen, premium magazine quality, 85mm lens, shallow depth of field, highly detailed texture, no people, no text, no logos, no watermarks, no AI artifacts, no cartoon, no illustration","Fresh salmon fillets wrapped airtight and ready for the freezer — supporting storage detail","Detail: fresh salmon fillets in airtight storage.","Supporting — after the storage table (shelf-life) or how-to steps (guides)",/images/source/shelf-life/meat/how-long-does-salmon-last/support.jpg
/shelf-life/meat/how-long-does-salmon-last/,/shelf-life/meat/how-long-does-salmon-last/,shelfLife,pin,pin.jpg,1000,1500,"fresh salmon fillets","Vertical editorial food photograph, fresh salmon fillets portioned and wrapped in airtight freezer packaging on a clean white kitchen counter, minimalist composition with clean negative space in the upper third for a title overlay, ultra realistic editorial food photography, bright natural window light, white modern kitchen, premium magazine quality, 85mm lens, shallow depth of field, highly detailed texture, no people, no text, no logos, no watermarks, no AI artifacts, no cartoon, no illustration","Fresh salmon fillets wrapped airtight and ready for the freezer","","Dedicated Pinterest asset (1000×1500) — not rendered on page",/images/source/shelf-life/meat/how-long-does-salmon-last/pin.jpg
/shelf-life/meat/how-long-does-salmon-last/,/shelf-life/meat/how-long-does-salmon-last/,shelfLife,og,og.jpg,1200,630,"fresh salmon fillets","Wide horizontal editorial food photograph, fresh salmon fillets portioned and wrapped in airtight freezer packaging on a clean white kitchen counter, balanced composition centered on the food, ultra realistic editorial food photography, bright natural window light, white modern kitchen, premium magazine quality, 85mm lens, shallow depth of field, highly detailed texture, no people, no text, no logos, no watermarks, no AI artifacts, no cartoon, no illustration","Fresh salmon fillets wrapped airtight and ready for the freezer","","Social share asset (1200×630) — not rendered on page",/images/source/shelf-life/meat/how-long-does-salmon-last/og.jpg
/shelf-life/meat/how-long-does-steak-last/,/shelf-life/meat/how-long-does-steak-last/,shelfLife,hero,hero.jpg,1600,900,"a raw marbled steak","Featured hero image, a raw marbled steak portioned and wrapped in airtight freezer packaging on a clean white kitchen counter, ultra realistic editorial food photography, bright natural window light, white modern kitchen, premium magazine quality, 85mm lens, shallow depth of field, highly detailed texture, no people, no text, no logos, no watermarks, no AI artifacts, no cartoon, no illustration","A raw marbled steak wrapped airtight and ready for the freezer","Airtight storage keeps a raw marbled steak fresh for its full shelf life.","Hero — immediately below the H1",/images/source/shelf-life/meat/how-long-does-steak-last/hero.jpg
/shelf-life/meat/how-long-does-steak-last/,/shelf-life/meat/how-long-does-steak-last/,shelfLife,support,support.jpg,1200,675,"a raw marbled steak","Detail shot, a raw marbled steak portioned and wrapped in airtight freezer packaging on a clean white kitchen counter, tight crop on the storage detail, ultra realistic editorial food photography, bright natural window light, white modern kitchen, premium magazine quality, 85mm lens, shallow depth of field, highly detailed texture, no people, no text, no logos, no watermarks, no AI artifacts, no cartoon, no illustration","A raw marbled steak wrapped airtight and ready for the freezer — supporting storage detail","Detail: a raw marbled steak in airtight storage.","Supporting — after the storage table (shelf-life) or how-to steps (guides)",/images/source/shelf-life/meat/how-long-does-steak-last/support.jpg
/shelf-life/meat/how-long-does-steak-last/,/shelf-life/meat/how-long-does-steak-last/,shelfLife,pin,pin.jpg,1000,1500,"a raw marbled steak","Vertical editorial food photograph, a raw marbled steak portioned and wrapped in airtight freezer packaging on a clean white kitchen counter, minimalist composition with clean negative space in the upper third for a title overlay, ultra realistic editorial food photography, bright natural window light, white modern kitchen, premium magazine quality, 85mm lens, shallow depth of field, highly detailed texture, no people, no text, no logos, no watermarks, no AI artifacts, no cartoon, no illustration","A raw marbled steak wrapped airtight and ready for the freezer","","Dedicated Pinterest asset (1000×1500) — not rendered on page",/images/source/shelf-life/meat/how-long-does-steak-last/pin.jpg
/shelf-life/meat/how-long-does-steak-last/,/shelf-life/meat/how-long-does-steak-last/,shelfLife,og,og.jpg,1200,630,"a raw marbled steak","Wide horizontal editorial food photograph, a raw marbled steak portioned and wrapped in airtight freezer packaging on a clean white kitchen counter, balanced composition centered on the food, ultra realistic editorial food photography, bright natural window light, white modern kitchen, premium magazine quality, 85mm lens, shallow depth of field, highly detailed texture, no people, no text, no logos, no watermarks, no AI artifacts, no cartoon, no illustration","A raw marbled steak wrapped airtight and ready for the freezer","","Social share asset (1200×630) — not rendered on page",/images/source/shelf-life/meat/how-long-does-steak-last/og.jpg
/shelf-life/meat/,/shelf-life/meat/,category,hero,hero.jpg,1600,900,"meat portions","Featured hero image, meat portions a tidy arrangement of meat portions in a clean modern refrigerator, ultra realistic editorial food photography, bright natural window light, white modern kitchen, premium magazine quality, 85mm lens, shallow depth of field, highly detailed texture, no people, no text, no logos, no watermarks, no AI artifacts, no cartoon, no illustration","Meat portions arranged in a bright, organized pantry","","Hero — immediately below the H1",/images/source/shelf-life/meat/hero.jpg
/shelf-life/meat/,/shelf-life/meat/,category,pin,pin.jpg,1000,1500,"meat portions","Vertical editorial food photograph, meat portions a tidy arrangement of meat portions in a clean modern refrigerator, minimalist composition with clean negative space in the upper third for a title overlay, ultra realistic editorial food photography, bright natural window light, white modern kitchen, premium magazine quality, 85mm lens, shallow depth of field, highly detailed texture, no people, no text, no logos, no watermarks, no AI artifacts, no cartoon, no illustration","Meat portions arranged in a bright, organized pantry","","Dedicated Pinterest asset (1000×1500) — not rendered on page",/images/source/shelf-life/meat/pin.jpg
/shelf-life/meat/,/shelf-life/meat/,category,og,og.jpg,1200,630,"meat portions","Wide horizontal editorial food photograph, meat portions a tidy arrangement of meat portions in a clean modern refrigerator, balanced composition centered on the food, ultra realistic editorial food photography, bright natural window light, white modern kitchen, premium magazine quality, 85mm lens, shallow depth of field, highly detailed texture, no people, no text, no logos, no watermarks, no AI artifacts, no cartoon, no illustration","Meat portions arranged in a bright, organized pantry","","Social share asset (1200×630) — not rendered on page",/images/source/shelf-life/meat/og.jpg
/shelf-life/pantry/how-long-does-bread-last/,/shelf-life/pantry/how-long-does-bread-last/,shelfLife,hero,hero.jpg,1600,900,"a fresh loaf of bread","Featured hero image, a fresh loaf of bread in a clear airtight glass container on a natural wood pantry shelf, surrounded by organized jars and canisters, ultra realistic editorial food photography, bright natural window light, white modern kitchen, premium magazine quality, 85mm lens, shallow depth of field, highly detailed texture, no people, no text, no logos, no watermarks, no AI artifacts, no cartoon, no illustration","A fresh loaf of bread stored in an airtight glass container on a pantry shelf","Airtight storage keeps a fresh loaf of bread fresh for its full shelf life.","Hero — immediately below the H1",/images/source/shelf-life/pantry/how-long-does-bread-last/hero.jpg
/shelf-life/pantry/how-long-does-bread-last/,/shelf-life/pantry/how-long-does-bread-last/,shelfLife,support,support.jpg,1200,675,"a fresh loaf of bread","Detail shot, a fresh loaf of bread in a clear airtight glass container on a natural wood pantry shelf, surrounded by organized jars and canisters, tight crop on the storage detail, ultra realistic editorial food photography, bright natural window light, white modern kitchen, premium magazine quality, 85mm lens, shallow depth of field, highly detailed texture, no people, no text, no logos, no watermarks, no AI artifacts, no cartoon, no illustration","A fresh loaf of bread stored in an airtight glass container on a pantry shelf — supporting storage detail","Detail: a fresh loaf of bread in airtight storage.","Supporting — after the storage table (shelf-life) or how-to steps (guides)",/images/source/shelf-life/pantry/how-long-does-bread-last/support.jpg
/shelf-life/pantry/how-long-does-bread-last/,/shelf-life/pantry/how-long-does-bread-last/,shelfLife,pin,pin.jpg,1000,1500,"a fresh loaf of bread","Vertical editorial food photograph, a fresh loaf of bread in a clear airtight glass container on a natural wood pantry shelf, surrounded by organized jars and canisters, minimalist composition with clean negative space in the upper third for a title overlay, ultra realistic editorial food photography, bright natural window light, white modern kitchen, premium magazine quality, 85mm lens, shallow depth of field, highly detailed texture, no people, no text, no logos, no watermarks, no AI artifacts, no cartoon, no illustration","A fresh loaf of bread stored in an airtight glass container on a pantry shelf","","Dedicated Pinterest asset (1000×1500) — not rendered on page",/images/source/shelf-life/pantry/how-long-does-bread-last/pin.jpg
/shelf-life/pantry/how-long-does-bread-last/,/shelf-life/pantry/how-long-does-bread-last/,shelfLife,og,og.jpg,1200,630,"a fresh loaf of bread","Wide horizontal editorial food photograph, a fresh loaf of bread in a clear airtight glass container on a natural wood pantry shelf, surrounded by organized jars and canisters, balanced composition centered on the food, ultra realistic editorial food photography, bright natural window light, white modern kitchen, premium magazine quality, 85mm lens, shallow depth of field, highly detailed texture, no people, no text, no logos, no watermarks, no AI artifacts, no cartoon, no illustration","A fresh loaf of bread stored in an airtight glass container on a pantry shelf","","Social share asset (1200×630) — not rendered on page",/images/source/shelf-life/pantry/how-long-does-bread-last/og.jpg
/shelf-life/pantry/how-long-does-canned-food-last/,/shelf-life/pantry/how-long-does-canned-food-last/,shelfLife,hero,hero.jpg,1600,900,"food storage cans","Featured hero image, food storage cans in a clear airtight glass container on a natural wood pantry shelf, surrounded by organized jars and canisters, ultra realistic editorial food photography, bright natural window light, white modern kitchen, premium magazine quality, 85mm lens, shallow depth of field, highly detailed texture, no people, no text, no logos, no watermarks, no AI artifacts, no cartoon, no illustration","Food storage cans stored in an airtight glass container on a pantry shelf","Airtight storage keeps food storage cans fresh for its full shelf life.","Hero — immediately below the H1",/images/source/shelf-life/pantry/how-long-does-canned-food-last/hero.jpg
/shelf-life/pantry/how-long-does-canned-food-last/,/shelf-life/pantry/how-long-does-canned-food-last/,shelfLife,support,support.jpg,1200,675,"food storage cans","Detail shot, food storage cans in a clear airtight glass container on a natural wood pantry shelf, surrounded by organized jars and canisters, tight crop on the storage detail, ultra realistic editorial food photography, bright natural window light, white modern kitchen, premium magazine quality, 85mm lens, shallow depth of field, highly detailed texture, no people, no text, no logos, no watermarks, no AI artifacts, no cartoon, no illustration","Food storage cans stored in an airtight glass container on a pantry shelf — supporting storage detail","Detail: food storage cans in airtight storage.","Supporting — after the storage table (shelf-life) or how-to steps (guides)",/images/source/shelf-life/pantry/how-long-does-canned-food-last/support.jpg
/shelf-life/pantry/how-long-does-canned-food-last/,/shelf-life/pantry/how-long-does-canned-food-last/,shelfLife,pin,pin.jpg,1000,1500,"food storage cans","Vertical editorial food photograph, food storage cans in a clear airtight glass container on a natural wood pantry shelf, surrounded by organized jars and canisters, minimalist composition with clean negative space in the upper third for a title overlay, ultra realistic editorial food photography, bright natural window light, white modern kitchen, premium magazine quality, 85mm lens, shallow depth of field, highly detailed texture, no people, no text, no logos, no watermarks, no AI artifacts, no cartoon, no illustration","Food storage cans stored in an airtight glass container on a pantry shelf","","Dedicated Pinterest asset (1000×1500) — not rendered on page",/images/source/shelf-life/pantry/how-long-does-canned-food-last/pin.jpg
/shelf-life/pantry/how-long-does-canned-food-last/,/shelf-life/pantry/how-long-does-canned-food-last/,shelfLife,og,og.jpg,1200,630,"food storage cans","Wide horizontal editorial food photograph, food storage cans in a clear airtight glass container on a natural wood pantry shelf, surrounded by organized jars and canisters, balanced composition centered on the food, ultra realistic editorial food photography, bright natural window light, white modern kitchen, premium magazine quality, 85mm lens, shallow depth of field, highly detailed texture, no people, no text, no logos, no watermarks, no AI artifacts, no cartoon, no illustration","Food storage cans stored in an airtight glass container on a pantry shelf","","Social share asset (1200×630) — not rendered on page",/images/source/shelf-life/pantry/how-long-does-canned-food-last/og.jpg
/shelf-life/pantry/how-long-does-coffee-last/,/shelf-life/pantry/how-long-does-coffee-last/,shelfLife,hero,hero.jpg,1600,900,"whole coffee beans","Featured hero image, whole coffee beans in a clear airtight glass container on a natural wood pantry shelf, surrounded by organized jars and canisters, ultra realistic editorial food photography, bright natural window light, white modern kitchen, premium magazine quality, 85mm lens, shallow depth of field, highly detailed texture, no people, no text, no logos, no watermarks, no AI artifacts, no cartoon, no illustration","Whole coffee beans stored in an airtight glass container on a pantry shelf","Airtight storage keeps whole coffee beans fresh for its full shelf life.","Hero — immediately below the H1",/images/source/shelf-life/pantry/how-long-does-coffee-last/hero.jpg
/shelf-life/pantry/how-long-does-coffee-last/,/shelf-life/pantry/how-long-does-coffee-last/,shelfLife,support,support.jpg,1200,675,"whole coffee beans","Detail shot, whole coffee beans in a clear airtight glass container on a natural wood pantry shelf, surrounded by organized jars and canisters, tight crop on the storage detail, ultra realistic editorial food photography, bright natural window light, white modern kitchen, premium magazine quality, 85mm lens, shallow depth of field, highly detailed texture, no people, no text, no logos, no watermarks, no AI artifacts, no cartoon, no illustration","Whole coffee beans stored in an airtight glass container on a pantry shelf — supporting storage detail","Detail: whole coffee beans in airtight storage.","Supporting — after the storage table (shelf-life) or how-to steps (guides)",/images/source/shelf-life/pantry/how-long-does-coffee-last/support.jpg
/shelf-life/pantry/how-long-does-coffee-last/,/shelf-life/pantry/how-long-does-coffee-last/,shelfLife,pin,pin.jpg,1000,1500,"whole coffee beans","Vertical editorial food photograph, whole coffee beans in a clear airtight glass container on a natural wood pantry shelf, surrounded by organized jars and canisters, minimalist composition with clean negative space in the upper third for a title overlay, ultra realistic editorial food photography, bright natural window light, white modern kitchen, premium magazine quality, 85mm lens, shallow depth of field, highly detailed texture, no people, no text, no logos, no watermarks, no AI artifacts, no cartoon, no illustration","Whole coffee beans stored in an airtight glass container on a pantry shelf","","Dedicated Pinterest asset (1000×1500) — not rendered on page",/images/source/shelf-life/pantry/how-long-does-coffee-last/pin.jpg
/shelf-life/pantry/how-long-does-coffee-last/,/shelf-life/pantry/how-long-does-coffee-last/,shelfLife,og,og.jpg,1200,630,"whole coffee beans","Wide horizontal editorial food photograph, whole coffee beans in a clear airtight glass container on a natural wood pantry shelf, surrounded by organized jars and canisters, balanced composition centered on the food, ultra realistic editorial food photography, bright natural window light, white modern kitchen, premium magazine quality, 85mm lens, shallow depth of field, highly detailed texture, no people, no text, no logos, no watermarks, no AI artifacts, no cartoon, no illustration","Whole coffee beans stored in an airtight glass container on a pantry shelf","","Social share asset (1200×630) — not rendered on page",/images/source/shelf-life/pantry/how-long-does-coffee-last/og.jpg
/shelf-life/pantry/how-long-does-cooked-rice-last/,/shelf-life/pantry/how-long-does-cooked-rice-last/,shelfLife,hero,hero.jpg,1600,900,"steamed rice in a covered glass bowl","Featured hero image, steamed rice in a covered glass bowl in a clear airtight glass container on a natural wood pantry shelf, surrounded by organized jars and canisters, ultra realistic editorial food photography, bright natural window light, white modern kitchen, premium magazine quality, 85mm lens, shallow depth of field, highly detailed texture, no people, no text, no logos, no watermarks, no AI artifacts, no cartoon, no illustration","Steamed rice in a covered glass bowl stored in an airtight glass container on a pantry shelf","Airtight storage keeps steamed rice in a covered glass bowl fresh for its full shelf life.","Hero — immediately below the H1",/images/source/shelf-life/pantry/how-long-does-cooked-rice-last/hero.jpg
/shelf-life/pantry/how-long-does-cooked-rice-last/,/shelf-life/pantry/how-long-does-cooked-rice-last/,shelfLife,support,support.jpg,1200,675,"steamed rice in a covered glass bowl","Detail shot, steamed rice in a covered glass bowl in a clear airtight glass container on a natural wood pantry shelf, surrounded by organized jars and canisters, tight crop on the storage detail, ultra realistic editorial food photography, bright natural window light, white modern kitchen, premium magazine quality, 85mm lens, shallow depth of field, highly detailed texture, no people, no text, no logos, no watermarks, no AI artifacts, no cartoon, no illustration","Steamed rice in a covered glass bowl stored in an airtight glass container on a pantry shelf — supporting storage detail","Detail: steamed rice in a covered glass bowl in airtight storage.","Supporting — after the storage table (shelf-life) or how-to steps (guides)",/images/source/shelf-life/pantry/how-long-does-cooked-rice-last/support.jpg
/shelf-life/pantry/how-long-does-cooked-rice-last/,/shelf-life/pantry/how-long-does-cooked-rice-last/,shelfLife,pin,pin.jpg,1000,1500,"steamed rice in a covered glass bowl","Vertical editorial food photograph, steamed rice in a covered glass bowl in a clear airtight glass container on a natural wood pantry shelf, surrounded by organized jars and canisters, minimalist composition with clean negative space in the upper third for a title overlay, ultra realistic editorial food photography, bright natural window light, white modern kitchen, premium magazine quality, 85mm lens, shallow depth of field, highly detailed texture, no people, no text, no logos, no watermarks, no AI artifacts, no cartoon, no illustration","Steamed rice in a covered glass bowl stored in an airtight glass container on a pantry shelf","","Dedicated Pinterest asset (1000×1500) — not rendered on page",/images/source/shelf-life/pantry/how-long-does-cooked-rice-last/pin.jpg
/shelf-life/pantry/how-long-does-cooked-rice-last/,/shelf-life/pantry/how-long-does-cooked-rice-last/,shelfLife,og,og.jpg,1200,630,"steamed rice in a covered glass bowl","Wide horizontal editorial food photograph, steamed rice in a covered glass bowl in a clear airtight glass container on a natural wood pantry shelf, surrounded by organized jars and canisters, balanced composition centered on the food, ultra realistic editorial food photography, bright natural window light, white modern kitchen, premium magazine quality, 85mm lens, shallow depth of field, highly detailed texture, no people, no text, no logos, no watermarks, no AI artifacts, no cartoon, no illustration","Steamed rice in a covered glass bowl stored in an airtight glass container on a pantry shelf","","Social share asset (1200×630) — not rendered on page",/images/source/shelf-life/pantry/how-long-does-cooked-rice-last/og.jpg
/shelf-life/pantry/how-long-does-flour-last/,/shelf-life/pantry/how-long-does-flour-last/,shelfLife,hero,hero.jpg,1600,900,"all-purpose flour","Featured hero image, all-purpose flour in a clear airtight glass container on a natural wood pantry shelf, surrounded by organized jars and canisters, ultra realistic editorial food photography, bright natural window light, white modern kitchen, premium magazine quality, 85mm lens, shallow depth of field, highly detailed texture, no people, no text, no logos, no watermarks, no AI artifacts, no cartoon, no illustration","All-purpose flour stored in an airtight glass container on a pantry shelf","Airtight storage keeps all-purpose flour fresh for its full shelf life.","Hero — immediately below the H1",/images/source/shelf-life/pantry/how-long-does-flour-last/hero.jpg
/shelf-life/pantry/how-long-does-flour-last/,/shelf-life/pantry/how-long-does-flour-last/,shelfLife,support,support.jpg,1200,675,"all-purpose flour","Detail shot, all-purpose flour in a clear airtight glass container on a natural wood pantry shelf, surrounded by organized jars and canisters, tight crop on the storage detail, ultra realistic editorial food photography, bright natural window light, white modern kitchen, premium magazine quality, 85mm lens, shallow depth of field, highly detailed texture, no people, no text, no logos, no watermarks, no AI artifacts, no cartoon, no illustration","All-purpose flour stored in an airtight glass container on a pantry shelf — supporting storage detail","Detail: all-purpose flour in airtight storage.","Supporting — after the storage table (shelf-life) or how-to steps (guides)",/images/source/shelf-life/pantry/how-long-does-flour-last/support.jpg
/shelf-life/pantry/how-long-does-flour-last/,/shelf-life/pantry/how-long-does-flour-last/,shelfLife,pin,pin.jpg,1000,1500,"all-purpose flour","Vertical editorial food photograph, all-purpose flour in a clear airtight glass container on a natural wood pantry shelf, surrounded by organized jars and canisters, minimalist composition with clean negative space in the upper third for a title overlay, ultra realistic editorial food photography, bright natural window light, white modern kitchen, premium magazine quality, 85mm lens, shallow depth of field, highly detailed texture, no people, no text, no logos, no watermarks, no AI artifacts, no cartoon, no illustration","All-purpose flour stored in an airtight glass container on a pantry shelf","","Dedicated Pinterest asset (1000×1500) — not rendered on page",/images/source/shelf-life/pantry/how-long-does-flour-last/pin.jpg
/shelf-life/pantry/how-long-does-flour-last/,/shelf-life/pantry/how-long-does-flour-last/,shelfLife,og,og.jpg,1200,630,"all-purpose flour","Wide horizontal editorial food photograph, all-purpose flour in a clear airtight glass container on a natural wood pantry shelf, surrounded by organized jars and canisters, balanced composition centered on the food, ultra realistic editorial food photography, bright natural window light, white modern kitchen, premium magazine quality, 85mm lens, shallow depth of field, highly detailed texture, no people, no text, no logos, no watermarks, no AI artifacts, no cartoon, no illustration","All-purpose flour stored in an airtight glass container on a pantry shelf","","Social share asset (1200×630) — not rendered on page",/images/source/shelf-life/pantry/how-long-does-flour-last/og.jpg
/shelf-life/pantry/how-long-does-honey-last/,/shelf-life/pantry/how-long-does-honey-last/,shelfLife,hero,hero.jpg,1600,900,"a jar of golden honey","Featured hero image, a jar of golden honey in a clear airtight glass container on a natural wood pantry shelf, surrounded by organized jars and canisters, ultra realistic editorial food photography, bright natural window light, white modern kitchen, premium magazine quality, 85mm lens, shallow depth of field, highly detailed texture, no people, no text, no logos, no watermarks, no AI artifacts, no cartoon, no illustration","A jar of golden honey stored in an airtight glass container on a pantry shelf","Airtight storage keeps a jar of golden honey fresh for its full shelf life.","Hero — immediately below the H1",/images/source/shelf-life/pantry/how-long-does-honey-last/hero.jpg
/shelf-life/pantry/how-long-does-honey-last/,/shelf-life/pantry/how-long-does-honey-last/,shelfLife,support,support.jpg,1200,675,"a jar of golden honey","Detail shot, a jar of golden honey in a clear airtight glass container on a natural wood pantry shelf, surrounded by organized jars and canisters, tight crop on the storage detail, ultra realistic editorial food photography, bright natural window light, white modern kitchen, premium magazine quality, 85mm lens, shallow depth of field, highly detailed texture, no people, no text, no logos, no watermarks, no AI artifacts, no cartoon, no illustration","A jar of golden honey stored in an airtight glass container on a pantry shelf — supporting storage detail","Detail: a jar of golden honey in airtight storage.","Supporting — after the storage table (shelf-life) or how-to steps (guides)",/images/source/shelf-life/pantry/how-long-does-honey-last/support.jpg
/shelf-life/pantry/how-long-does-honey-last/,/shelf-life/pantry/how-long-does-honey-last/,shelfLife,pin,pin.jpg,1000,1500,"a jar of golden honey","Vertical editorial food photograph, a jar of golden honey in a clear airtight glass container on a natural wood pantry shelf, surrounded by organized jars and canisters, minimalist composition with clean negative space in the upper third for a title overlay, ultra realistic editorial food photography, bright natural window light, white modern kitchen, premium magazine quality, 85mm lens, shallow depth of field, highly detailed texture, no people, no text, no logos, no watermarks, no AI artifacts, no cartoon, no illustration","A jar of golden honey stored in an airtight glass container on a pantry shelf","","Dedicated Pinterest asset (1000×1500) — not rendered on page",/images/source/shelf-life/pantry/how-long-does-honey-last/pin.jpg
/shelf-life/pantry/how-long-does-honey-last/,/shelf-life/pantry/how-long-does-honey-last/,shelfLife,og,og.jpg,1200,630,"a jar of golden honey","Wide horizontal editorial food photograph, a jar of golden honey in a clear airtight glass container on a natural wood pantry shelf, surrounded by organized jars and canisters, balanced composition centered on the food, ultra realistic editorial food photography, bright natural window light, white modern kitchen, premium magazine quality, 85mm lens, shallow depth of field, highly detailed texture, no people, no text, no logos, no watermarks, no AI artifacts, no cartoon, no illustration","A jar of golden honey stored in an airtight glass container on a pantry shelf","","Social share asset (1200×630) — not rendered on page",/images/source/shelf-life/pantry/how-long-does-honey-last/og.jpg
/shelf-life/pantry/how-long-does-pasta-last/,/shelf-life/pantry/how-long-does-pasta-last/,shelfLife,hero,hero.jpg,1600,900,"dried pasta","Featured hero image, dried pasta in a clear airtight glass container on a natural wood pantry shelf, surrounded by organized jars and canisters, ultra realistic editorial food photography, bright natural window light, white modern kitchen, premium magazine quality, 85mm lens, shallow depth of field, highly detailed texture, no people, no text, no logos, no watermarks, no AI artifacts, no cartoon, no illustration","Dried pasta stored in an airtight glass container on a pantry shelf","Airtight storage keeps dried pasta fresh for its full shelf life.","Hero — immediately below the H1",/images/source/shelf-life/pantry/how-long-does-pasta-last/hero.jpg
/shelf-life/pantry/how-long-does-pasta-last/,/shelf-life/pantry/how-long-does-pasta-last/,shelfLife,support,support.jpg,1200,675,"dried pasta","Detail shot, dried pasta in a clear airtight glass container on a natural wood pantry shelf, surrounded by organized jars and canisters, tight crop on the storage detail, ultra realistic editorial food photography, bright natural window light, white modern kitchen, premium magazine quality, 85mm lens, shallow depth of field, highly detailed texture, no people, no text, no logos, no watermarks, no AI artifacts, no cartoon, no illustration","Dried pasta stored in an airtight glass container on a pantry shelf — supporting storage detail","Detail: dried pasta in airtight storage.","Supporting — after the storage table (shelf-life) or how-to steps (guides)",/images/source/shelf-life/pantry/how-long-does-pasta-last/support.jpg
/shelf-life/pantry/how-long-does-pasta-last/,/shelf-life/pantry/how-long-does-pasta-last/,shelfLife,pin,pin.jpg,1000,1500,"dried pasta","Vertical editorial food photograph, dried pasta in a clear airtight glass container on a natural wood pantry shelf, surrounded by organized jars and canisters, minimalist composition with clean negative space in the upper third for a title overlay, ultra realistic editorial food photography, bright natural window light, white modern kitchen, premium magazine quality, 85mm lens, shallow depth of field, highly detailed texture, no people, no text, no logos, no watermarks, no AI artifacts, no cartoon, no illustration","Dried pasta stored in an airtight glass container on a pantry shelf","","Dedicated Pinterest asset (1000×1500) — not rendered on page",/images/source/shelf-life/pantry/how-long-does-pasta-last/pin.jpg
/shelf-life/pantry/how-long-does-pasta-last/,/shelf-life/pantry/how-long-does-pasta-last/,shelfLife,og,og.jpg,1200,630,"dried pasta","Wide horizontal editorial food photograph, dried pasta in a clear airtight glass container on a natural wood pantry shelf, surrounded by organized jars and canisters, balanced composition centered on the food, ultra realistic editorial food photography, bright natural window light, white modern kitchen, premium magazine quality, 85mm lens, shallow depth of field, highly detailed texture, no people, no text, no logos, no watermarks, no AI artifacts, no cartoon, no illustration","Dried pasta stored in an airtight glass container on a pantry shelf","","Social share asset (1200×630) — not rendered on page",/images/source/shelf-life/pantry/how-long-does-pasta-last/og.jpg
/shelf-life/pantry/how-long-does-rice-last/,/shelf-life/pantry/how-long-does-rice-last/,shelfLife,hero,hero.jpg,1600,900,"white rice","Featured hero image, white rice in a clear airtight glass container on a natural wood pantry shelf, surrounded by organized jars and canisters, ultra realistic editorial food photography, bright natural window light, white modern kitchen, premium magazine quality, 85mm lens, shallow depth of field, highly detailed texture, no people, no text, no logos, no watermarks, no AI artifacts, no cartoon, no illustration","White rice stored in an airtight glass container on a pantry shelf","Airtight storage keeps white rice fresh for its full shelf life.","Hero — immediately below the H1",/images/source/shelf-life/pantry/how-long-does-rice-last/hero.jpg
/shelf-life/pantry/how-long-does-rice-last/,/shelf-life/pantry/how-long-does-rice-last/,shelfLife,support,support.jpg,1200,675,"white rice","Detail shot, white rice in a clear airtight glass container on a natural wood pantry shelf, surrounded by organized jars and canisters, tight crop on the storage detail, ultra realistic editorial food photography, bright natural window light, white modern kitchen, premium magazine quality, 85mm lens, shallow depth of field, highly detailed texture, no people, no text, no logos, no watermarks, no AI artifacts, no cartoon, no illustration","White rice stored in an airtight glass container on a pantry shelf — supporting storage detail","Detail: white rice in airtight storage.","Supporting — after the storage table (shelf-life) or how-to steps (guides)",/images/source/shelf-life/pantry/how-long-does-rice-last/support.jpg
/shelf-life/pantry/how-long-does-rice-last/,/shelf-life/pantry/how-long-does-rice-last/,shelfLife,pin,pin.jpg,1000,1500,"white rice","Vertical editorial food photograph, white rice in a clear airtight glass container on a natural wood pantry shelf, surrounded by organized jars and canisters, minimalist composition with clean negative space in the upper third for a title overlay, ultra realistic editorial food photography, bright natural window light, white modern kitchen, premium magazine quality, 85mm lens, shallow depth of field, highly detailed texture, no people, no text, no logos, no watermarks, no AI artifacts, no cartoon, no illustration","White rice stored in an airtight glass container on a pantry shelf","","Dedicated Pinterest asset (1000×1500) — not rendered on page",/images/source/shelf-life/pantry/how-long-does-rice-last/pin.jpg
/shelf-life/pantry/how-long-does-rice-last/,/shelf-life/pantry/how-long-does-rice-last/,shelfLife,og,og.jpg,1200,630,"white rice","Wide horizontal editorial food photograph, white rice in a clear airtight glass container on a natural wood pantry shelf, surrounded by organized jars and canisters, balanced composition centered on the food, ultra realistic editorial food photography, bright natural window light, white modern kitchen, premium magazine quality, 85mm lens, shallow depth of field, highly detailed texture, no people, no text, no logos, no watermarks, no AI artifacts, no cartoon, no illustration","White rice stored in an airtight glass container on a pantry shelf","","Social share asset (1200×630) — not rendered on page",/images/source/shelf-life/pantry/how-long-does-rice-last/og.jpg
/shelf-life/pantry/,/shelf-life/pantry/,category,hero,hero.jpg,1600,900,"pantry staples","Featured hero image, pantry staples a tidy arrangement of pantry staples in a bright modern kitchen pantry, ultra realistic editorial food photography, bright natural window light, white modern kitchen, premium magazine quality, 85mm lens, shallow depth of field, highly detailed texture, no people, no text, no logos, no watermarks, no AI artifacts, no cartoon, no illustration","Pantry staples arranged in a bright, organized pantry","","Hero — immediately below the H1",/images/source/shelf-life/pantry/hero.jpg
/shelf-life/pantry/,/shelf-life/pantry/,category,pin,pin.jpg,1000,1500,"pantry staples","Vertical editorial food photograph, pantry staples a tidy arrangement of pantry staples in a bright modern kitchen pantry, minimalist composition with clean negative space in the upper third for a title overlay, ultra realistic editorial food photography, bright natural window light, white modern kitchen, premium magazine quality, 85mm lens, shallow depth of field, highly detailed texture, no people, no text, no logos, no watermarks, no AI artifacts, no cartoon, no illustration","Pantry staples arranged in a bright, organized pantry","","Dedicated Pinterest asset (1000×1500) — not rendered on page",/images/source/shelf-life/pantry/pin.jpg
/shelf-life/pantry/,/shelf-life/pantry/,category,og,og.jpg,1200,630,"pantry staples","Wide horizontal editorial food photograph, pantry staples a tidy arrangement of pantry staples in a bright modern kitchen pantry, balanced composition centered on the food, ultra realistic editorial food photography, bright natural window light, white modern kitchen, premium magazine quality, 85mm lens, shallow depth of field, highly detailed texture, no people, no text, no logos, no watermarks, no AI artifacts, no cartoon, no illustration","Pantry staples arranged in a bright, organized pantry","","Social share asset (1200×630) — not rendered on page",/images/source/shelf-life/pantry/og.jpg
/shelf-life/produce/how-long-does-apples-last/,/shelf-life/produce/how-long-does-apples-last/,shelfLife,hero,hero.jpg,1600,900,"crisp apples","Featured hero image, crisp apples in a clear airtight glass container on a natural wood pantry shelf, surrounded by organized jars and canisters, ultra realistic editorial food photography, bright natural window light, white modern kitchen, premium magazine quality, 85mm lens, shallow depth of field, highly detailed texture, no people, no text, no logos, no watermarks, no AI artifacts, no cartoon, no illustration","Crisp apples stored in an airtight glass container on a pantry shelf","Airtight storage keeps crisp apples fresh for its full shelf life.","Hero — immediately below the H1",/images/source/shelf-life/produce/how-long-does-apples-last/hero.jpg
/shelf-life/produce/how-long-does-apples-last/,/shelf-life/produce/how-long-does-apples-last/,shelfLife,support,support.jpg,1200,675,"crisp apples","Detail shot, crisp apples in a clear airtight glass container on a natural wood pantry shelf, surrounded by organized jars and canisters, tight crop on the storage detail, ultra realistic editorial food photography, bright natural window light, white modern kitchen, premium magazine quality, 85mm lens, shallow depth of field, highly detailed texture, no people, no text, no logos, no watermarks, no AI artifacts, no cartoon, no illustration","Crisp apples stored in an airtight glass container on a pantry shelf — supporting storage detail","Detail: crisp apples in airtight storage.","Supporting — after the storage table (shelf-life) or how-to steps (guides)",/images/source/shelf-life/produce/how-long-does-apples-last/support.jpg
/shelf-life/produce/how-long-does-apples-last/,/shelf-life/produce/how-long-does-apples-last/,shelfLife,pin,pin.jpg,1000,1500,"crisp apples","Vertical editorial food photograph, crisp apples in a clear airtight glass container on a natural wood pantry shelf, surrounded by organized jars and canisters, minimalist composition with clean negative space in the upper third for a title overlay, ultra realistic editorial food photography, bright natural window light, white modern kitchen, premium magazine quality, 85mm lens, shallow depth of field, highly detailed texture, no people, no text, no logos, no watermarks, no AI artifacts, no cartoon, no illustration","Crisp apples stored in an airtight glass container on a pantry shelf","","Dedicated Pinterest asset (1000×1500) — not rendered on page",/images/source/shelf-life/produce/how-long-does-apples-last/pin.jpg
/shelf-life/produce/how-long-does-apples-last/,/shelf-life/produce/how-long-does-apples-last/,shelfLife,og,og.jpg,1200,630,"crisp apples","Wide horizontal editorial food photograph, crisp apples in a clear airtight glass container on a natural wood pantry shelf, surrounded by organized jars and canisters, balanced composition centered on the food, ultra realistic editorial food photography, bright natural window light, white modern kitchen, premium magazine quality, 85mm lens, shallow depth of field, highly detailed texture, no people, no text, no logos, no watermarks, no AI artifacts, no cartoon, no illustration","Crisp apples stored in an airtight glass container on a pantry shelf","","Social share asset (1200×630) — not rendered on page",/images/source/shelf-life/produce/how-long-does-apples-last/og.jpg
/shelf-life/produce/how-long-does-bananas-last/,/shelf-life/produce/how-long-does-bananas-last/,shelfLife,hero,hero.jpg,1600,900,"ripe bananas","Featured hero image, ripe bananas in a clear airtight glass container on a natural wood pantry shelf, surrounded by organized jars and canisters, ultra realistic editorial food photography, bright natural window light, white modern kitchen, premium magazine quality, 85mm lens, shallow depth of field, highly detailed texture, no people, no text, no logos, no watermarks, no AI artifacts, no cartoon, no illustration","Ripe bananas stored in an airtight glass container on a pantry shelf","Airtight storage keeps ripe bananas fresh for its full shelf life.","Hero — immediately below the H1",/images/source/shelf-life/produce/how-long-does-bananas-last/hero.jpg
/shelf-life/produce/how-long-does-bananas-last/,/shelf-life/produce/how-long-does-bananas-last/,shelfLife,support,support.jpg,1200,675,"ripe bananas","Detail shot, ripe bananas in a clear airtight glass container on a natural wood pantry shelf, surrounded by organized jars and canisters, tight crop on the storage detail, ultra realistic editorial food photography, bright natural window light, white modern kitchen, premium magazine quality, 85mm lens, shallow depth of field, highly detailed texture, no people, no text, no logos, no watermarks, no AI artifacts, no cartoon, no illustration","Ripe bananas stored in an airtight glass container on a pantry shelf — supporting storage detail","Detail: ripe bananas in airtight storage.","Supporting — after the storage table (shelf-life) or how-to steps (guides)",/images/source/shelf-life/produce/how-long-does-bananas-last/support.jpg
/shelf-life/produce/how-long-does-bananas-last/,/shelf-life/produce/how-long-does-bananas-last/,shelfLife,pin,pin.jpg,1000,1500,"ripe bananas","Vertical editorial food photograph, ripe bananas in a clear airtight glass container on a natural wood pantry shelf, surrounded by organized jars and canisters, minimalist composition with clean negative space in the upper third for a title overlay, ultra realistic editorial food photography, bright natural window light, white modern kitchen, premium magazine quality, 85mm lens, shallow depth of field, highly detailed texture, no people, no text, no logos, no watermarks, no AI artifacts, no cartoon, no illustration","Ripe bananas stored in an airtight glass container on a pantry shelf","","Dedicated Pinterest asset (1000×1500) — not rendered on page",/images/source/shelf-life/produce/how-long-does-bananas-last/pin.jpg
/shelf-life/produce/how-long-does-bananas-last/,/shelf-life/produce/how-long-does-bananas-last/,shelfLife,og,og.jpg,1200,630,"ripe bananas","Wide horizontal editorial food photograph, ripe bananas in a clear airtight glass container on a natural wood pantry shelf, surrounded by organized jars and canisters, balanced composition centered on the food, ultra realistic editorial food photography, bright natural window light, white modern kitchen, premium magazine quality, 85mm lens, shallow depth of field, highly detailed texture, no people, no text, no logos, no watermarks, no AI artifacts, no cartoon, no illustration","Ripe bananas stored in an airtight glass container on a pantry shelf","","Social share asset (1200×630) — not rendered on page",/images/source/shelf-life/produce/how-long-does-bananas-last/og.jpg
/shelf-life/produce/how-long-does-lettuce-last/,/shelf-life/produce/how-long-does-lettuce-last/,shelfLife,hero,hero.jpg,1600,900,"crisp green lettuce","Featured hero image, crisp green lettuce in a clear airtight glass container on a natural wood pantry shelf, surrounded by organized jars and canisters, ultra realistic editorial food photography, bright natural window light, white modern kitchen, premium magazine quality, 85mm lens, shallow depth of field, highly detailed texture, no people, no text, no logos, no watermarks, no AI artifacts, no cartoon, no illustration","Crisp green lettuce stored in an airtight glass container on a pantry shelf","Airtight storage keeps crisp green lettuce fresh for its full shelf life.","Hero — immediately below the H1",/images/source/shelf-life/produce/how-long-does-lettuce-last/hero.jpg
/shelf-life/produce/how-long-does-lettuce-last/,/shelf-life/produce/how-long-does-lettuce-last/,shelfLife,support,support.jpg,1200,675,"crisp green lettuce","Detail shot, crisp green lettuce in a clear airtight glass container on a natural wood pantry shelf, surrounded by organized jars and canisters, tight crop on the storage detail, ultra realistic editorial food photography, bright natural window light, white modern kitchen, premium magazine quality, 85mm lens, shallow depth of field, highly detailed texture, no people, no text, no logos, no watermarks, no AI artifacts, no cartoon, no illustration","Crisp green lettuce stored in an airtight glass container on a pantry shelf — supporting storage detail","Detail: crisp green lettuce in airtight storage.","Supporting — after the storage table (shelf-life) or how-to steps (guides)",/images/source/shelf-life/produce/how-long-does-lettuce-last/support.jpg
/shelf-life/produce/how-long-does-lettuce-last/,/shelf-life/produce/how-long-does-lettuce-last/,shelfLife,pin,pin.jpg,1000,1500,"crisp green lettuce","Vertical editorial food photograph, crisp green lettuce in a clear airtight glass container on a natural wood pantry shelf, surrounded by organized jars and canisters, minimalist composition with clean negative space in the upper third for a title overlay, ultra realistic editorial food photography, bright natural window light, white modern kitchen, premium magazine quality, 85mm lens, shallow depth of field, highly detailed texture, no people, no text, no logos, no watermarks, no AI artifacts, no cartoon, no illustration","Crisp green lettuce stored in an airtight glass container on a pantry shelf","","Dedicated Pinterest asset (1000×1500) — not rendered on page",/images/source/shelf-life/produce/how-long-does-lettuce-last/pin.jpg
/shelf-life/produce/how-long-does-lettuce-last/,/shelf-life/produce/how-long-does-lettuce-last/,shelfLife,og,og.jpg,1200,630,"crisp green lettuce","Wide horizontal editorial food photograph, crisp green lettuce in a clear airtight glass container on a natural wood pantry shelf, surrounded by organized jars and canisters, balanced composition centered on the food, ultra realistic editorial food photography, bright natural window light, white modern kitchen, premium magazine quality, 85mm lens, shallow depth of field, highly detailed texture, no people, no text, no logos, no watermarks, no AI artifacts, no cartoon, no illustration","Crisp green lettuce stored in an airtight glass container on a pantry shelf","","Social share asset (1200×630) — not rendered on page",/images/source/shelf-life/produce/how-long-does-lettuce-last/og.jpg
/shelf-life/produce/how-long-does-mushrooms-last/,/shelf-life/produce/how-long-does-mushrooms-last/,shelfLife,hero,hero.jpg,1600,900,"fresh button mushrooms","Featured hero image, fresh button mushrooms in a clear airtight glass container on a natural wood pantry shelf, surrounded by organized jars and canisters, ultra realistic editorial food photography, bright natural window light, white modern kitchen, premium magazine quality, 85mm lens, shallow depth of field, highly detailed texture, no people, no text, no logos, no watermarks, no AI artifacts, no cartoon, no illustration","Fresh button mushrooms stored in an airtight glass container on a pantry shelf","Airtight storage keeps fresh button mushrooms fresh for its full shelf life.","Hero — immediately below the H1",/images/source/shelf-life/produce/how-long-does-mushrooms-last/hero.jpg
/shelf-life/produce/how-long-does-mushrooms-last/,/shelf-life/produce/how-long-does-mushrooms-last/,shelfLife,support,support.jpg,1200,675,"fresh button mushrooms","Detail shot, fresh button mushrooms in a clear airtight glass container on a natural wood pantry shelf, surrounded by organized jars and canisters, tight crop on the storage detail, ultra realistic editorial food photography, bright natural window light, white modern kitchen, premium magazine quality, 85mm lens, shallow depth of field, highly detailed texture, no people, no text, no logos, no watermarks, no AI artifacts, no cartoon, no illustration","Fresh button mushrooms stored in an airtight glass container on a pantry shelf — supporting storage detail","Detail: fresh button mushrooms in airtight storage.","Supporting — after the storage table (shelf-life) or how-to steps (guides)",/images/source/shelf-life/produce/how-long-does-mushrooms-last/support.jpg
/shelf-life/produce/how-long-does-mushrooms-last/,/shelf-life/produce/how-long-does-mushrooms-last/,shelfLife,pin,pin.jpg,1000,1500,"fresh button mushrooms","Vertical editorial food photograph, fresh button mushrooms in a clear airtight glass container on a natural wood pantry shelf, surrounded by organized jars and canisters, minimalist composition with clean negative space in the upper third for a title overlay, ultra realistic editorial food photography, bright natural window light, white modern kitchen, premium magazine quality, 85mm lens, shallow depth of field, highly detailed texture, no people, no text, no logos, no watermarks, no AI artifacts, no cartoon, no illustration","Fresh button mushrooms stored in an airtight glass container on a pantry shelf","","Dedicated Pinterest asset (1000×1500) — not rendered on page",/images/source/shelf-life/produce/how-long-does-mushrooms-last/pin.jpg
/shelf-life/produce/how-long-does-mushrooms-last/,/shelf-life/produce/how-long-does-mushrooms-last/,shelfLife,og,og.jpg,1200,630,"fresh button mushrooms","Wide horizontal editorial food photograph, fresh button mushrooms in a clear airtight glass container on a natural wood pantry shelf, surrounded by organized jars and canisters, balanced composition centered on the food, ultra realistic editorial food photography, bright natural window light, white modern kitchen, premium magazine quality, 85mm lens, shallow depth of field, highly detailed texture, no people, no text, no logos, no watermarks, no AI artifacts, no cartoon, no illustration","Fresh button mushrooms stored in an airtight glass container on a pantry shelf","","Social share asset (1200×630) — not rendered on page",/images/source/shelf-life/produce/how-long-does-mushrooms-last/og.jpg
/shelf-life/produce/how-long-does-onions-last/,/shelf-life/produce/how-long-does-onions-last/,shelfLife,hero,hero.jpg,1600,900,"onions in a mesh bag","Featured hero image, onions in a mesh bag in a clear airtight glass container on a natural wood pantry shelf, surrounded by organized jars and canisters, ultra realistic editorial food photography, bright natural window light, white modern kitchen, premium magazine quality, 85mm lens, shallow depth of field, highly detailed texture, no people, no text, no logos, no watermarks, no AI artifacts, no cartoon, no illustration","Onions in a mesh bag stored in an airtight glass container on a pantry shelf","Airtight storage keeps onions in a mesh bag fresh for its full shelf life.","Hero — immediately below the H1",/images/source/shelf-life/produce/how-long-does-onions-last/hero.jpg
/shelf-life/produce/how-long-does-onions-last/,/shelf-life/produce/how-long-does-onions-last/,shelfLife,support,support.jpg,1200,675,"onions in a mesh bag","Detail shot, onions in a mesh bag in a clear airtight glass container on a natural wood pantry shelf, surrounded by organized jars and canisters, tight crop on the storage detail, ultra realistic editorial food photography, bright natural window light, white modern kitchen, premium magazine quality, 85mm lens, shallow depth of field, highly detailed texture, no people, no text, no logos, no watermarks, no AI artifacts, no cartoon, no illustration","Onions in a mesh bag stored in an airtight glass container on a pantry shelf — supporting storage detail","Detail: onions in a mesh bag in airtight storage.","Supporting — after the storage table (shelf-life) or how-to steps (guides)",/images/source/shelf-life/produce/how-long-does-onions-last/support.jpg
/shelf-life/produce/how-long-does-onions-last/,/shelf-life/produce/how-long-does-onions-last/,shelfLife,pin,pin.jpg,1000,1500,"onions in a mesh bag","Vertical editorial food photograph, onions in a mesh bag in a clear airtight glass container on a natural wood pantry shelf, surrounded by organized jars and canisters, minimalist composition with clean negative space in the upper third for a title overlay, ultra realistic editorial food photography, bright natural window light, white modern kitchen, premium magazine quality, 85mm lens, shallow depth of field, highly detailed texture, no people, no text, no logos, no watermarks, no AI artifacts, no cartoon, no illustration","Onions in a mesh bag stored in an airtight glass container on a pantry shelf","","Dedicated Pinterest asset (1000×1500) — not rendered on page",/images/source/shelf-life/produce/how-long-does-onions-last/pin.jpg
/shelf-life/produce/how-long-does-onions-last/,/shelf-life/produce/how-long-does-onions-last/,shelfLife,og,og.jpg,1200,630,"onions in a mesh bag","Wide horizontal editorial food photograph, onions in a mesh bag in a clear airtight glass container on a natural wood pantry shelf, surrounded by organized jars and canisters, balanced composition centered on the food, ultra realistic editorial food photography, bright natural window light, white modern kitchen, premium magazine quality, 85mm lens, shallow depth of field, highly detailed texture, no people, no text, no logos, no watermarks, no AI artifacts, no cartoon, no illustration","Onions in a mesh bag stored in an airtight glass container on a pantry shelf","","Social share asset (1200×630) — not rendered on page",/images/source/shelf-life/produce/how-long-does-onions-last/og.jpg
/shelf-life/produce/how-long-does-potatoes-last/,/shelf-life/produce/how-long-does-potatoes-last/,shelfLife,hero,hero.jpg,1600,900,"potatoes in a burlap sack","Featured hero image, potatoes in a burlap sack in a clear airtight glass container on a natural wood pantry shelf, surrounded by organized jars and canisters, ultra realistic editorial food photography, bright natural window light, white modern kitchen, premium magazine quality, 85mm lens, shallow depth of field, highly detailed texture, no people, no text, no logos, no watermarks, no AI artifacts, no cartoon, no illustration","Potatoes in a burlap sack stored in an airtight glass container on a pantry shelf","Airtight storage keeps potatoes in a burlap sack fresh for its full shelf life.","Hero — immediately below the H1",/images/source/shelf-life/produce/how-long-does-potatoes-last/hero.jpg
/shelf-life/produce/how-long-does-potatoes-last/,/shelf-life/produce/how-long-does-potatoes-last/,shelfLife,support,support.jpg,1200,675,"potatoes in a burlap sack","Detail shot, potatoes in a burlap sack in a clear airtight glass container on a natural wood pantry shelf, surrounded by organized jars and canisters, tight crop on the storage detail, ultra realistic editorial food photography, bright natural window light, white modern kitchen, premium magazine quality, 85mm lens, shallow depth of field, highly detailed texture, no people, no text, no logos, no watermarks, no AI artifacts, no cartoon, no illustration","Potatoes in a burlap sack stored in an airtight glass container on a pantry shelf — supporting storage detail","Detail: potatoes in a burlap sack in airtight storage.","Supporting — after the storage table (shelf-life) or how-to steps (guides)",/images/source/shelf-life/produce/how-long-does-potatoes-last/support.jpg
/shelf-life/produce/how-long-does-potatoes-last/,/shelf-life/produce/how-long-does-potatoes-last/,shelfLife,pin,pin.jpg,1000,1500,"potatoes in a burlap sack","Vertical editorial food photograph, potatoes in a burlap sack in a clear airtight glass container on a natural wood pantry shelf, surrounded by organized jars and canisters, minimalist composition with clean negative space in the upper third for a title overlay, ultra realistic editorial food photography, bright natural window light, white modern kitchen, premium magazine quality, 85mm lens, shallow depth of field, highly detailed texture, no people, no text, no logos, no watermarks, no AI artifacts, no cartoon, no illustration","Potatoes in a burlap sack stored in an airtight glass container on a pantry shelf","","Dedicated Pinterest asset (1000×1500) — not rendered on page",/images/source/shelf-life/produce/how-long-does-potatoes-last/pin.jpg
/shelf-life/produce/how-long-does-potatoes-last/,/shelf-life/produce/how-long-does-potatoes-last/,shelfLife,og,og.jpg,1200,630,"potatoes in a burlap sack","Wide horizontal editorial food photograph, potatoes in a burlap sack in a clear airtight glass container on a natural wood pantry shelf, surrounded by organized jars and canisters, balanced composition centered on the food, ultra realistic editorial food photography, bright natural window light, white modern kitchen, premium magazine quality, 85mm lens, shallow depth of field, highly detailed texture, no people, no text, no logos, no watermarks, no AI artifacts, no cartoon, no illustration","Potatoes in a burlap sack stored in an airtight glass container on a pantry shelf","","Social share asset (1200×630) — not rendered on page",/images/source/shelf-life/produce/how-long-does-potatoes-last/og.jpg
/shelf-life/produce/how-long-does-strawberries-last/,/shelf-life/produce/how-long-does-strawberries-last/,shelfLife,hero,hero.jpg,1600,900,"fresh strawberries","Featured hero image, fresh strawberries in a clear airtight glass container on a natural wood pantry shelf, surrounded by organized jars and canisters, ultra realistic editorial food photography, bright natural window light, white modern kitchen, premium magazine quality, 85mm lens, shallow depth of field, highly detailed texture, no people, no text, no logos, no watermarks, no AI artifacts, no cartoon, no illustration","Fresh strawberries stored in an airtight glass container on a pantry shelf","Airtight storage keeps fresh strawberries fresh for its full shelf life.","Hero — immediately below the H1",/images/source/shelf-life/produce/how-long-does-strawberries-last/hero.jpg
/shelf-life/produce/how-long-does-strawberries-last/,/shelf-life/produce/how-long-does-strawberries-last/,shelfLife,support,support.jpg,1200,675,"fresh strawberries","Detail shot, fresh strawberries in a clear airtight glass container on a natural wood pantry shelf, surrounded by organized jars and canisters, tight crop on the storage detail, ultra realistic editorial food photography, bright natural window light, white modern kitchen, premium magazine quality, 85mm lens, shallow depth of field, highly detailed texture, no people, no text, no logos, no watermarks, no AI artifacts, no cartoon, no illustration","Fresh strawberries stored in an airtight glass container on a pantry shelf — supporting storage detail","Detail: fresh strawberries in airtight storage.","Supporting — after the storage table (shelf-life) or how-to steps (guides)",/images/source/shelf-life/produce/how-long-does-strawberries-last/support.jpg
/shelf-life/produce/how-long-does-strawberries-last/,/shelf-life/produce/how-long-does-strawberries-last/,shelfLife,pin,pin.jpg,1000,1500,"fresh strawberries","Vertical editorial food photograph, fresh strawberries in a clear airtight glass container on a natural wood pantry shelf, surrounded by organized jars and canisters, minimalist composition with clean negative space in the upper third for a title overlay, ultra realistic editorial food photography, bright natural window light, white modern kitchen, premium magazine quality, 85mm lens, shallow depth of field, highly detailed texture, no people, no text, no logos, no watermarks, no AI artifacts, no cartoon, no illustration","Fresh strawberries stored in an airtight glass container on a pantry shelf","","Dedicated Pinterest asset (1000×1500) — not rendered on page",/images/source/shelf-life/produce/how-long-does-strawberries-last/pin.jpg
/shelf-life/produce/how-long-does-strawberries-last/,/shelf-life/produce/how-long-does-strawberries-last/,shelfLife,og,og.jpg,1200,630,"fresh strawberries","Wide horizontal editorial food photograph, fresh strawberries in a clear airtight glass container on a natural wood pantry shelf, surrounded by organized jars and canisters, balanced composition centered on the food, ultra realistic editorial food photography, bright natural window light, white modern kitchen, premium magazine quality, 85mm lens, shallow depth of field, highly detailed texture, no people, no text, no logos, no watermarks, no AI artifacts, no cartoon, no illustration","Fresh strawberries stored in an airtight glass container on a pantry shelf","","Social share asset (1200×630) — not rendered on page",/images/source/shelf-life/produce/how-long-does-strawberries-last/og.jpg
/shelf-life/produce/how-long-does-tomatoes-last/,/shelf-life/produce/how-long-does-tomatoes-last/,shelfLife,hero,hero.jpg,1600,900,"ripe vine tomatoes","Featured hero image, ripe vine tomatoes in a clear airtight glass container on a natural wood pantry shelf, surrounded by organized jars and canisters, ultra realistic editorial food photography, bright natural window light, white modern kitchen, premium magazine quality, 85mm lens, shallow depth of field, highly detailed texture, no people, no text, no logos, no watermarks, no AI artifacts, no cartoon, no illustration","Ripe vine tomatoes stored in an airtight glass container on a pantry shelf","Airtight storage keeps ripe vine tomatoes fresh for its full shelf life.","Hero — immediately below the H1",/images/source/shelf-life/produce/how-long-does-tomatoes-last/hero.jpg
/shelf-life/produce/how-long-does-tomatoes-last/,/shelf-life/produce/how-long-does-tomatoes-last/,shelfLife,support,support.jpg,1200,675,"ripe vine tomatoes","Detail shot, ripe vine tomatoes in a clear airtight glass container on a natural wood pantry shelf, surrounded by organized jars and canisters, tight crop on the storage detail, ultra realistic editorial food photography, bright natural window light, white modern kitchen, premium magazine quality, 85mm lens, shallow depth of field, highly detailed texture, no people, no text, no logos, no watermarks, no AI artifacts, no cartoon, no illustration","Ripe vine tomatoes stored in an airtight glass container on a pantry shelf — supporting storage detail","Detail: ripe vine tomatoes in airtight storage.","Supporting — after the storage table (shelf-life) or how-to steps (guides)",/images/source/shelf-life/produce/how-long-does-tomatoes-last/support.jpg
/shelf-life/produce/how-long-does-tomatoes-last/,/shelf-life/produce/how-long-does-tomatoes-last/,shelfLife,pin,pin.jpg,1000,1500,"ripe vine tomatoes","Vertical editorial food photograph, ripe vine tomatoes in a clear airtight glass container on a natural wood pantry shelf, surrounded by organized jars and canisters, minimalist composition with clean negative space in the upper third for a title overlay, ultra realistic editorial food photography, bright natural window light, white modern kitchen, premium magazine quality, 85mm lens, shallow depth of field, highly detailed texture, no people, no text, no logos, no watermarks, no AI artifacts, no cartoon, no illustration","Ripe vine tomatoes stored in an airtight glass container on a pantry shelf","","Dedicated Pinterest asset (1000×1500) — not rendered on page",/images/source/shelf-life/produce/how-long-does-tomatoes-last/pin.jpg
/shelf-life/produce/how-long-does-tomatoes-last/,/shelf-life/produce/how-long-does-tomatoes-last/,shelfLife,og,og.jpg,1200,630,"ripe vine tomatoes","Wide horizontal editorial food photograph, ripe vine tomatoes in a clear airtight glass container on a natural wood pantry shelf, surrounded by organized jars and canisters, balanced composition centered on the food, ultra realistic editorial food photography, bright natural window light, white modern kitchen, premium magazine quality, 85mm lens, shallow depth of field, highly detailed texture, no people, no text, no logos, no watermarks, no AI artifacts, no cartoon, no illustration","Ripe vine tomatoes stored in an airtight glass container on a pantry shelf","","Social share asset (1200×630) — not rendered on page",/images/source/shelf-life/produce/how-long-does-tomatoes-last/og.jpg
/shelf-life/produce/,/shelf-life/produce/,category,hero,hero.jpg,1600,900,"fresh produce","Featured hero image, fresh produce a tidy arrangement of fresh produce in a clean modern refrigerator, ultra realistic editorial food photography, bright natural window light, white modern kitchen, premium magazine quality, 85mm lens, shallow depth of field, highly detailed texture, no people, no text, no logos, no watermarks, no AI artifacts, no cartoon, no illustration","Fresh produce arranged in a bright, organized pantry","","Hero — immediately below the H1",/images/source/shelf-life/produce/hero.jpg
/shelf-life/produce/,/shelf-life/produce/,category,pin,pin.jpg,1000,1500,"fresh produce","Vertical editorial food photograph, fresh produce a tidy arrangement of fresh produce in a clean modern refrigerator, minimalist composition with clean negative space in the upper third for a title overlay, ultra realistic editorial food photography, bright natural window light, white modern kitchen, premium magazine quality, 85mm lens, shallow depth of field, highly detailed texture, no people, no text, no logos, no watermarks, no AI artifacts, no cartoon, no illustration","Fresh produce arranged in a bright, organized pantry","","Dedicated Pinterest asset (1000×1500) — not rendered on page",/images/source/shelf-life/produce/pin.jpg
/shelf-life/produce/,/shelf-life/produce/,category,og,og.jpg,1200,630,"fresh produce","Wide horizontal editorial food photograph, fresh produce a tidy arrangement of fresh produce in a clean modern refrigerator, balanced composition centered on the food, ultra realistic editorial food photography, bright natural window light, white modern kitchen, premium magazine quality, 85mm lens, shallow depth of field, highly detailed texture, no people, no text, no logos, no watermarks, no AI artifacts, no cartoon, no illustration","Fresh produce arranged in a bright, organized pantry","","Social share asset (1200×630) — not rendered on page",/images/source/shelf-life/produce/og.jpg
/shelf-life/,/shelf-life/,pillar,hero,hero.jpg,1600,900,"pantry staples","Featured hero image, pantry staples a bright modern kitchen pantry with organized airtight glass containers, ultra realistic editorial food photography, bright natural window light, white modern kitchen, premium magazine quality, 85mm lens, shallow depth of field, highly detailed texture, no people, no text, no logos, no watermarks, no AI artifacts, no cartoon, no illustration","Pantry staples arranged in a bright, organized pantry","","Hero — immediately below the H1",/images/source/shelf-life/hero.jpg
/shelf-life/,/shelf-life/,pillar,pin,pin.jpg,1000,1500,"pantry staples","Vertical editorial food photograph, pantry staples a bright modern kitchen pantry with organized airtight glass containers, minimalist composition with clean negative space in the upper third for a title overlay, ultra realistic editorial food photography, bright natural window light, white modern kitchen, premium magazine quality, 85mm lens, shallow depth of field, highly detailed texture, no people, no text, no logos, no watermarks, no AI artifacts, no cartoon, no illustration","Pantry staples arranged in a bright, organized pantry","","Dedicated Pinterest asset (1000×1500) — not rendered on page",/images/source/shelf-life/pin.jpg
/shelf-life/,/shelf-life/,pillar,og,og.jpg,1200,630,"pantry staples","Wide horizontal editorial food photograph, pantry staples a bright modern kitchen pantry with organized airtight glass containers, balanced composition centered on the food, ultra realistic editorial food photography, bright natural window light, white modern kitchen, premium magazine quality, 85mm lens, shallow depth of field, highly detailed texture, no people, no text, no logos, no watermarks, no AI artifacts, no cartoon, no illustration","Pantry staples arranged in a bright, organized pantry","","Social share asset (1200×630) — not rendered on page",/images/source/shelf-life/og.jpg
/storage-methods/canning/canning-basics-for-beginners/,/storage-methods/canning/canning-basics-for-beginners/,guide,hero,hero.jpg,1600,900,"glass canning jars of preserves","Featured hero image, glass canning jars of preserves glass canning jars filled with preserves on a white kitchen counter beside fresh produce, ultra realistic editorial food photography, bright natural window light, white modern kitchen, premium magazine quality, 85mm lens, shallow depth of field, highly detailed texture, no people, no text, no logos, no watermarks, no AI artifacts, no cartoon, no illustration","Glass canning jars of preserves preserved in glass jars","Proper airtight storage keeps glass canning jars of preserves fresh for months.","Hero — immediately below the H1",/images/source/storage-methods/canning/canning-basics-for-beginners/hero.jpg
/storage-methods/canning/canning-basics-for-beginners/,/storage-methods/canning/canning-basics-for-beginners/,guide,support,support.jpg,1200,675,"glass canning jars of preserves","Detail shot, glass canning jars of preserves glass canning jars filled with preserves on a white kitchen counter beside fresh produce, tight crop on the storage detail, ultra realistic editorial food photography, bright natural window light, white modern kitchen, premium magazine quality, 85mm lens, shallow depth of field, highly detailed texture, no people, no text, no logos, no watermarks, no AI artifacts, no cartoon, no illustration","Glass canning jars of preserves preserved in glass jars — supporting storage detail","Detail: glass canning jars of preserves in airtight storage.","Supporting — after the storage table (shelf-life) or how-to steps (guides)",/images/source/storage-methods/canning/canning-basics-for-beginners/support.jpg
/storage-methods/canning/canning-basics-for-beginners/,/storage-methods/canning/canning-basics-for-beginners/,guide,pin,pin.jpg,1000,1500,"glass canning jars of preserves","Vertical editorial food photograph, glass canning jars of preserves glass canning jars filled with preserves on a white kitchen counter beside fresh produce, minimalist composition with clean negative space in the upper third for a title overlay, ultra realistic editorial food photography, bright natural window light, white modern kitchen, premium magazine quality, 85mm lens, shallow depth of field, highly detailed texture, no people, no text, no logos, no watermarks, no AI artifacts, no cartoon, no illustration","Glass canning jars of preserves preserved in glass jars","","Dedicated Pinterest asset (1000×1500) — not rendered on page",/images/source/storage-methods/canning/canning-basics-for-beginners/pin.jpg
/storage-methods/canning/canning-basics-for-beginners/,/storage-methods/canning/canning-basics-for-beginners/,guide,og,og.jpg,1200,630,"glass canning jars of preserves","Wide horizontal editorial food photograph, glass canning jars of preserves glass canning jars filled with preserves on a white kitchen counter beside fresh produce, balanced composition centered on the food, ultra realistic editorial food photography, bright natural window light, white modern kitchen, premium magazine quality, 85mm lens, shallow depth of field, highly detailed texture, no people, no text, no logos, no watermarks, no AI artifacts, no cartoon, no illustration","Glass canning jars of preserves preserved in glass jars","","Social share asset (1200×630) — not rendered on page",/images/source/storage-methods/canning/canning-basics-for-beginners/og.jpg
/storage-methods/dry-goods/how-to-store-dry-goods/,/storage-methods/dry-goods/how-to-store-dry-goods/,guide,hero,hero.jpg,1600,900,"bulk dry goods","Featured hero image, bulk dry goods bulk dry goods in clear glass canisters and jars on natural wood pantry shelves, ultra realistic editorial food photography, bright natural window light, white modern kitchen, premium magazine quality, 85mm lens, shallow depth of field, highly detailed texture, no people, no text, no logos, no watermarks, no AI artifacts, no cartoon, no illustration","Bulk dry goods stored in airtight containers in an organized pantry","Proper airtight storage keeps bulk dry goods fresh for months.","Hero — immediately below the H1",/images/source/storage-methods/dry-goods/how-to-store-dry-goods/hero.jpg
/storage-methods/dry-goods/how-to-store-dry-goods/,/storage-methods/dry-goods/how-to-store-dry-goods/,guide,support,support.jpg,1200,675,"bulk dry goods","Detail shot, bulk dry goods bulk dry goods in clear glass canisters and jars on natural wood pantry shelves, tight crop on the storage detail, ultra realistic editorial food photography, bright natural window light, white modern kitchen, premium magazine quality, 85mm lens, shallow depth of field, highly detailed texture, no people, no text, no logos, no watermarks, no AI artifacts, no cartoon, no illustration","Bulk dry goods stored in airtight containers in an organized pantry — supporting storage detail","Detail: bulk dry goods in airtight storage.","Supporting — after the storage table (shelf-life) or how-to steps (guides)",/images/source/storage-methods/dry-goods/how-to-store-dry-goods/support.jpg
/storage-methods/dry-goods/how-to-store-dry-goods/,/storage-methods/dry-goods/how-to-store-dry-goods/,guide,pin,pin.jpg,1000,1500,"bulk dry goods","Vertical editorial food photograph, bulk dry goods bulk dry goods in clear glass canisters and jars on natural wood pantry shelves, minimalist composition with clean negative space in the upper third for a title overlay, ultra realistic editorial food photography, bright natural window light, white modern kitchen, premium magazine quality, 85mm lens, shallow depth of field, highly detailed texture, no people, no text, no logos, no watermarks, no AI artifacts, no cartoon, no illustration","Bulk dry goods stored in airtight containers in an organized pantry","","Dedicated Pinterest asset (1000×1500) — not rendered on page",/images/source/storage-methods/dry-goods/how-to-store-dry-goods/pin.jpg
/storage-methods/dry-goods/how-to-store-dry-goods/,/storage-methods/dry-goods/how-to-store-dry-goods/,guide,og,og.jpg,1200,630,"bulk dry goods","Wide horizontal editorial food photograph, bulk dry goods bulk dry goods in clear glass canisters and jars on natural wood pantry shelves, balanced composition centered on the food, ultra realistic editorial food photography, bright natural window light, white modern kitchen, premium magazine quality, 85mm lens, shallow depth of field, highly detailed texture, no people, no text, no logos, no watermarks, no AI artifacts, no cartoon, no illustration","Bulk dry goods stored in airtight containers in an organized pantry","","Social share asset (1200×630) — not rendered on page",/images/source/storage-methods/dry-goods/how-to-store-dry-goods/og.jpg
/storage-methods/food-safety/food-safety-temperature-guide/,/storage-methods/food-safety/food-safety-temperature-guide/,guide,hero,hero.jpg,1600,900,"a digital kitchen thermometer beside fresh ingredients","Featured hero image, a digital kitchen thermometer beside fresh ingredients a digital kitchen thermometer beside fresh ingredients on a clean white counter, ultra realistic editorial food photography, bright natural window light, white modern kitchen, premium magazine quality, 85mm lens, shallow depth of field, highly detailed texture, no people, no text, no logos, no watermarks, no AI artifacts, no cartoon, no illustration","A digital kitchen thermometer beside fresh ingredients stored in airtight containers in an organized pantry","Proper airtight storage keeps a digital kitchen thermometer beside fresh ingredients fresh for months.","Hero — immediately below the H1",/images/source/storage-methods/food-safety/food-safety-temperature-guide/hero.jpg
/storage-methods/food-safety/food-safety-temperature-guide/,/storage-methods/food-safety/food-safety-temperature-guide/,guide,support,support.jpg,1200,675,"a digital kitchen thermometer beside fresh ingredients","Detail shot, a digital kitchen thermometer beside fresh ingredients a digital kitchen thermometer beside fresh ingredients on a clean white counter, tight crop on the storage detail, ultra realistic editorial food photography, bright natural window light, white modern kitchen, premium magazine quality, 85mm lens, shallow depth of field, highly detailed texture, no people, no text, no logos, no watermarks, no AI artifacts, no cartoon, no illustration","A digital kitchen thermometer beside fresh ingredients stored in airtight containers in an organized pantry — supporting s...","Detail: a digital kitchen thermometer beside fresh ingredients in airtight storage.","Supporting — after the storage table (shelf-life) or how-to steps (guides)",/images/source/storage-methods/food-safety/food-safety-temperature-guide/support.jpg
/storage-methods/food-safety/food-safety-temperature-guide/,/storage-methods/food-safety/food-safety-temperature-guide/,guide,pin,pin.jpg,1000,1500,"a digital kitchen thermometer beside fresh ingredients","Vertical editorial food photograph, a digital kitchen thermometer beside fresh ingredients a digital kitchen thermometer beside fresh ingredients on a clean white counter, minimalist composition with clean negative space in the upper third for a title overlay, ultra realistic editorial food photography, bright natural window light, white modern kitchen, premium magazine quality, 85mm lens, shallow depth of field, highly detailed texture, no people, no text, no logos, no watermarks, no AI artifacts, no cartoon, no illustration","A digital kitchen thermometer beside fresh ingredients stored in airtight containers in an organized pantry","","Dedicated Pinterest asset (1000×1500) — not rendered on page",/images/source/storage-methods/food-safety/food-safety-temperature-guide/pin.jpg
/storage-methods/food-safety/food-safety-temperature-guide/,/storage-methods/food-safety/food-safety-temperature-guide/,guide,og,og.jpg,1200,630,"a digital kitchen thermometer beside fresh ingredients","Wide horizontal editorial food photograph, a digital kitchen thermometer beside fresh ingredients a digital kitchen thermometer beside fresh ingredients on a clean white counter, balanced composition centered on the food, ultra realistic editorial food photography, bright natural window light, white modern kitchen, premium magazine quality, 85mm lens, shallow depth of field, highly detailed texture, no people, no text, no logos, no watermarks, no AI artifacts, no cartoon, no illustration","A digital kitchen thermometer beside fresh ingredients stored in airtight containers in an organized pantry","","Social share asset (1200×630) — not rendered on page",/images/source/storage-methods/food-safety/food-safety-temperature-guide/og.jpg
/storage-methods/freezing/how-to-freeze-fruit/,/storage-methods/freezing/how-to-freeze-fruit/,guide,hero,hero.jpg,1600,900,"fresh fruit portions","Featured hero image, fresh fruit portions portioned into labeled freezer bags and glass containers on a clean white kitchen counter, ultra realistic editorial food photography, bright natural window light, white modern kitchen, premium magazine quality, 85mm lens, shallow depth of field, highly detailed texture, no people, no text, no logos, no watermarks, no AI artifacts, no cartoon, no illustration","Fresh fruit portions portioned into freezer-safe containers for freezing","Proper airtight storage keeps fresh fruit portions fresh for months.","Hero — immediately below the H1",/images/source/storage-methods/freezing/how-to-freeze-fruit/hero.jpg
/storage-methods/freezing/how-to-freeze-fruit/,/storage-methods/freezing/how-to-freeze-fruit/,guide,support,support.jpg,1200,675,"fresh fruit portions","Detail shot, fresh fruit portions portioned into labeled freezer bags and glass containers on a clean white kitchen counter, tight crop on the storage detail, ultra realistic editorial food photography, bright natural window light, white modern kitchen, premium magazine quality, 85mm lens, shallow depth of field, highly detailed texture, no people, no text, no logos, no watermarks, no AI artifacts, no cartoon, no illustration","Fresh fruit portions portioned into freezer-safe containers for freezing — supporting storage detail","Detail: fresh fruit portions in airtight storage.","Supporting — after the storage table (shelf-life) or how-to steps (guides)",/images/source/storage-methods/freezing/how-to-freeze-fruit/support.jpg
/storage-methods/freezing/how-to-freeze-fruit/,/storage-methods/freezing/how-to-freeze-fruit/,guide,pin,pin.jpg,1000,1500,"fresh fruit portions","Vertical editorial food photograph, fresh fruit portions portioned into labeled freezer bags and glass containers on a clean white kitchen counter, minimalist composition with clean negative space in the upper third for a title overlay, ultra realistic editorial food photography, bright natural window light, white modern kitchen, premium magazine quality, 85mm lens, shallow depth of field, highly detailed texture, no people, no text, no logos, no watermarks, no AI artifacts, no cartoon, no illustration","Fresh fruit portions portioned into freezer-safe containers for freezing","","Dedicated Pinterest asset (1000×1500) — not rendered on page",/images/source/storage-methods/freezing/how-to-freeze-fruit/pin.jpg
/storage-methods/freezing/how-to-freeze-fruit/,/storage-methods/freezing/how-to-freeze-fruit/,guide,og,og.jpg,1200,630,"fresh fruit portions","Wide horizontal editorial food photograph, fresh fruit portions portioned into labeled freezer bags and glass containers on a clean white kitchen counter, balanced composition centered on the food, ultra realistic editorial food photography, bright natural window light, white modern kitchen, premium magazine quality, 85mm lens, shallow depth of field, highly detailed texture, no people, no text, no logos, no watermarks, no AI artifacts, no cartoon, no illustration","Fresh fruit portions portioned into freezer-safe containers for freezing","","Social share asset (1200×630) — not rendered on page",/images/source/storage-methods/freezing/how-to-freeze-fruit/og.jpg
/storage-methods/freezing/how-to-freeze-leftovers/,/storage-methods/freezing/how-to-freeze-leftovers/,guide,hero,hero.jpg,1600,900,"cooked leftovers in glass containers","Featured hero image, cooked leftovers in glass containers portioned into labeled freezer bags and glass containers on a clean white kitchen counter, ultra realistic editorial food photography, bright natural window light, white modern kitchen, premium magazine quality, 85mm lens, shallow depth of field, highly detailed texture, no people, no text, no logos, no watermarks, no AI artifacts, no cartoon, no illustration","Cooked leftovers in glass containers portioned into freezer-safe containers for freezing","Proper airtight storage keeps cooked leftovers in glass containers fresh for months.","Hero — immediately below the H1",/images/source/storage-methods/freezing/how-to-freeze-leftovers/hero.jpg
/storage-methods/freezing/how-to-freeze-leftovers/,/storage-methods/freezing/how-to-freeze-leftovers/,guide,support,support.jpg,1200,675,"cooked leftovers in glass containers","Detail shot, cooked leftovers in glass containers portioned into labeled freezer bags and glass containers on a clean white kitchen counter, tight crop on the storage detail, ultra realistic editorial food photography, bright natural window light, white modern kitchen, premium magazine quality, 85mm lens, shallow depth of field, highly detailed texture, no people, no text, no logos, no watermarks, no AI artifacts, no cartoon, no illustration","Cooked leftovers in glass containers portioned into freezer-safe containers for freezing — supporting storage detail","Detail: cooked leftovers in glass containers in airtight storage.","Supporting — after the storage table (shelf-life) or how-to steps (guides)",/images/source/storage-methods/freezing/how-to-freeze-leftovers/support.jpg
/storage-methods/freezing/how-to-freeze-leftovers/,/storage-methods/freezing/how-to-freeze-leftovers/,guide,pin,pin.jpg,1000,1500,"cooked leftovers in glass containers","Vertical editorial food photograph, cooked leftovers in glass containers portioned into labeled freezer bags and glass containers on a clean white kitchen counter, minimalist composition with clean negative space in the upper third for a title overlay, ultra realistic editorial food photography, bright natural window light, white modern kitchen, premium magazine quality, 85mm lens, shallow depth of field, highly detailed texture, no people, no text, no logos, no watermarks, no AI artifacts, no cartoon, no illustration","Cooked leftovers in glass containers portioned into freezer-safe containers for freezing","","Dedicated Pinterest asset (1000×1500) — not rendered on page",/images/source/storage-methods/freezing/how-to-freeze-leftovers/pin.jpg
/storage-methods/freezing/how-to-freeze-leftovers/,/storage-methods/freezing/how-to-freeze-leftovers/,guide,og,og.jpg,1200,630,"cooked leftovers in glass containers","Wide horizontal editorial food photograph, cooked leftovers in glass containers portioned into labeled freezer bags and glass containers on a clean white kitchen counter, balanced composition centered on the food, ultra realistic editorial food photography, bright natural window light, white modern kitchen, premium magazine quality, 85mm lens, shallow depth of field, highly detailed texture, no people, no text, no logos, no watermarks, no AI artifacts, no cartoon, no illustration","Cooked leftovers in glass containers portioned into freezer-safe containers for freezing","","Social share asset (1200×630) — not rendered on page",/images/source/storage-methods/freezing/how-to-freeze-leftovers/og.jpg
/storage-methods/freezing/how-to-freeze-meat/,/storage-methods/freezing/how-to-freeze-meat/,guide,hero,hero.jpg,1600,900,"raw meat portions","Featured hero image, raw meat portions portioned into labeled freezer bags and glass containers on a clean white kitchen counter, ultra realistic editorial food photography, bright natural window light, white modern kitchen, premium magazine quality, 85mm lens, shallow depth of field, highly detailed texture, no people, no text, no logos, no watermarks, no AI artifacts, no cartoon, no illustration","Raw meat portions portioned into freezer-safe containers for freezing","Proper airtight storage keeps raw meat portions fresh for months.","Hero — immediately below the H1",/images/source/storage-methods/freezing/how-to-freeze-meat/hero.jpg
/storage-methods/freezing/how-to-freeze-meat/,/storage-methods/freezing/how-to-freeze-meat/,guide,support,support.jpg,1200,675,"raw meat portions","Detail shot, raw meat portions portioned into labeled freezer bags and glass containers on a clean white kitchen counter, tight crop on the storage detail, ultra realistic editorial food photography, bright natural window light, white modern kitchen, premium magazine quality, 85mm lens, shallow depth of field, highly detailed texture, no people, no text, no logos, no watermarks, no AI artifacts, no cartoon, no illustration","Raw meat portions portioned into freezer-safe containers for freezing — supporting storage detail","Detail: raw meat portions in airtight storage.","Supporting — after the storage table (shelf-life) or how-to steps (guides)",/images/source/storage-methods/freezing/how-to-freeze-meat/support.jpg
/storage-methods/freezing/how-to-freeze-meat/,/storage-methods/freezing/how-to-freeze-meat/,guide,pin,pin.jpg,1000,1500,"raw meat portions","Vertical editorial food photograph, raw meat portions portioned into labeled freezer bags and glass containers on a clean white kitchen counter, minimalist composition with clean negative space in the upper third for a title overlay, ultra realistic editorial food photography, bright natural window light, white modern kitchen, premium magazine quality, 85mm lens, shallow depth of field, highly detailed texture, no people, no text, no logos, no watermarks, no AI artifacts, no cartoon, no illustration","Raw meat portions portioned into freezer-safe containers for freezing","","Dedicated Pinterest asset (1000×1500) — not rendered on page",/images/source/storage-methods/freezing/how-to-freeze-meat/pin.jpg
/storage-methods/freezing/how-to-freeze-meat/,/storage-methods/freezing/how-to-freeze-meat/,guide,og,og.jpg,1200,630,"raw meat portions","Wide horizontal editorial food photograph, raw meat portions portioned into labeled freezer bags and glass containers on a clean white kitchen counter, balanced composition centered on the food, ultra realistic editorial food photography, bright natural window light, white modern kitchen, premium magazine quality, 85mm lens, shallow depth of field, highly detailed texture, no people, no text, no logos, no watermarks, no AI artifacts, no cartoon, no illustration","Raw meat portions portioned into freezer-safe containers for freezing","","Social share asset (1200×630) — not rendered on page",/images/source/storage-methods/freezing/how-to-freeze-meat/og.jpg
/storage-methods/freezing/how-to-freeze-vegetables/,/storage-methods/freezing/how-to-freeze-vegetables/,guide,hero,hero.jpg,1600,900,"fresh vegetable portions","Featured hero image, fresh vegetable portions portioned into labeled freezer bags and glass containers on a clean white kitchen counter, ultra realistic editorial food photography, bright natural window light, white modern kitchen, premium magazine quality, 85mm lens, shallow depth of field, highly detailed texture, no people, no text, no logos, no watermarks, no AI artifacts, no cartoon, no illustration","Fresh vegetable portions portioned into freezer-safe containers for freezing","Proper airtight storage keeps fresh vegetable portions fresh for months.","Hero — immediately below the H1",/images/source/storage-methods/freezing/how-to-freeze-vegetables/hero.jpg
/storage-methods/freezing/how-to-freeze-vegetables/,/storage-methods/freezing/how-to-freeze-vegetables/,guide,support,support.jpg,1200,675,"fresh vegetable portions","Detail shot, fresh vegetable portions portioned into labeled freezer bags and glass containers on a clean white kitchen counter, tight crop on the storage detail, ultra realistic editorial food photography, bright natural window light, white modern kitchen, premium magazine quality, 85mm lens, shallow depth of field, highly detailed texture, no people, no text, no logos, no watermarks, no AI artifacts, no cartoon, no illustration","Fresh vegetable portions portioned into freezer-safe containers for freezing — supporting storage detail","Detail: fresh vegetable portions in airtight storage.","Supporting — after the storage table (shelf-life) or how-to steps (guides)",/images/source/storage-methods/freezing/how-to-freeze-vegetables/support.jpg
/storage-methods/freezing/how-to-freeze-vegetables/,/storage-methods/freezing/how-to-freeze-vegetables/,guide,pin,pin.jpg,1000,1500,"fresh vegetable portions","Vertical editorial food photograph, fresh vegetable portions portioned into labeled freezer bags and glass containers on a clean white kitchen counter, minimalist composition with clean negative space in the upper third for a title overlay, ultra realistic editorial food photography, bright natural window light, white modern kitchen, premium magazine quality, 85mm lens, shallow depth of field, highly detailed texture, no people, no text, no logos, no watermarks, no AI artifacts, no cartoon, no illustration","Fresh vegetable portions portioned into freezer-safe containers for freezing","","Dedicated Pinterest asset (1000×1500) — not rendered on page",/images/source/storage-methods/freezing/how-to-freeze-vegetables/pin.jpg
/storage-methods/freezing/how-to-freeze-vegetables/,/storage-methods/freezing/how-to-freeze-vegetables/,guide,og,og.jpg,1200,630,"fresh vegetable portions","Wide horizontal editorial food photograph, fresh vegetable portions portioned into labeled freezer bags and glass containers on a clean white kitchen counter, balanced composition centered on the food, ultra realistic editorial food photography, bright natural window light, white modern kitchen, premium magazine quality, 85mm lens, shallow depth of field, highly detailed texture, no people, no text, no logos, no watermarks, no AI artifacts, no cartoon, no illustration","Fresh vegetable portions portioned into freezer-safe containers for freezing","","Social share asset (1200×630) — not rendered on page",/images/source/storage-methods/freezing/how-to-freeze-vegetables/og.jpg
/storage-methods/freezing/how-to-prevent-freezer-burn/,/storage-methods/freezing/how-to-prevent-freezer-burn/,guide,hero,hero.jpg,1600,900,"vacuum-sealed frozen packages","Featured hero image, vacuum-sealed frozen packages portioned into labeled freezer bags and glass containers on a clean white kitchen counter, ultra realistic editorial food photography, bright natural window light, white modern kitchen, premium magazine quality, 85mm lens, shallow depth of field, highly detailed texture, no people, no text, no logos, no watermarks, no AI artifacts, no cartoon, no illustration","Vacuum-sealed frozen packages portioned into freezer-safe containers for freezing","Proper airtight storage keeps vacuum-sealed frozen packages fresh for months.","Hero — immediately below the H1",/images/source/storage-methods/freezing/how-to-prevent-freezer-burn/hero.jpg
/storage-methods/freezing/how-to-prevent-freezer-burn/,/storage-methods/freezing/how-to-prevent-freezer-burn/,guide,support,support.jpg,1200,675,"vacuum-sealed frozen packages","Detail shot, vacuum-sealed frozen packages portioned into labeled freezer bags and glass containers on a clean white kitchen counter, tight crop on the storage detail, ultra realistic editorial food photography, bright natural window light, white modern kitchen, premium magazine quality, 85mm lens, shallow depth of field, highly detailed texture, no people, no text, no logos, no watermarks, no AI artifacts, no cartoon, no illustration","Vacuum-sealed frozen packages portioned into freezer-safe containers for freezing — supporting storage detail","Detail: vacuum-sealed frozen packages in airtight storage.","Supporting — after the storage table (shelf-life) or how-to steps (guides)",/images/source/storage-methods/freezing/how-to-prevent-freezer-burn/support.jpg
/storage-methods/freezing/how-to-prevent-freezer-burn/,/storage-methods/freezing/how-to-prevent-freezer-burn/,guide,pin,pin.jpg,1000,1500,"vacuum-sealed frozen packages","Vertical editorial food photograph, vacuum-sealed frozen packages portioned into labeled freezer bags and glass containers on a clean white kitchen counter, minimalist composition with clean negative space in the upper third for a title overlay, ultra realistic editorial food photography, bright natural window light, white modern kitchen, premium magazine quality, 85mm lens, shallow depth of field, highly detailed texture, no people, no text, no logos, no watermarks, no AI artifacts, no cartoon, no illustration","Vacuum-sealed frozen packages portioned into freezer-safe containers for freezing","","Dedicated Pinterest asset (1000×1500) — not rendered on page",/images/source/storage-methods/freezing/how-to-prevent-freezer-burn/pin.jpg
/storage-methods/freezing/how-to-prevent-freezer-burn/,/storage-methods/freezing/how-to-prevent-freezer-burn/,guide,og,og.jpg,1200,630,"vacuum-sealed frozen packages","Wide horizontal editorial food photograph, vacuum-sealed frozen packages portioned into labeled freezer bags and glass containers on a clean white kitchen counter, balanced composition centered on the food, ultra realistic editorial food photography, bright natural window light, white modern kitchen, premium magazine quality, 85mm lens, shallow depth of field, highly detailed texture, no people, no text, no logos, no watermarks, no AI artifacts, no cartoon, no illustration","Vacuum-sealed frozen packages portioned into freezer-safe containers for freezing","","Social share asset (1200×630) — not rendered on page",/images/source/storage-methods/freezing/how-to-prevent-freezer-burn/og.jpg
/storage-methods/refrigerator/how-to-store-food-in-the-refrigerator/,/storage-methods/refrigerator/how-to-store-food-in-the-refrigerator/,guide,hero,hero.jpg,1600,900,"organized food in glass containers","Featured hero image, organized food in glass containers organized in clear glass containers on the shelves of a clean modern refrigerator, ultra realistic editorial food photography, bright natural window light, white modern kitchen, premium magazine quality, 85mm lens, shallow depth of field, highly detailed texture, no people, no text, no logos, no watermarks, no AI artifacts, no cartoon, no illustration","Organized food in glass containers stored in airtight containers in an organized pantry","Proper airtight storage keeps organized food in glass containers fresh for months.","Hero — immediately below the H1",/images/source/storage-methods/refrigerator/how-to-store-food-in-the-refrigerator/hero.jpg
/storage-methods/refrigerator/how-to-store-food-in-the-refrigerator/,/storage-methods/refrigerator/how-to-store-food-in-the-refrigerator/,guide,support,support.jpg,1200,675,"organized food in glass containers","Detail shot, organized food in glass containers organized in clear glass containers on the shelves of a clean modern refrigerator, tight crop on the storage detail, ultra realistic editorial food photography, bright natural window light, white modern kitchen, premium magazine quality, 85mm lens, shallow depth of field, highly detailed texture, no people, no text, no logos, no watermarks, no AI artifacts, no cartoon, no illustration","Organized food in glass containers stored in airtight containers in an organized pantry — supporting storage detail","Detail: organized food in glass containers in airtight storage.","Supporting — after the storage table (shelf-life) or how-to steps (guides)",/images/source/storage-methods/refrigerator/how-to-store-food-in-the-refrigerator/support.jpg
/storage-methods/refrigerator/how-to-store-food-in-the-refrigerator/,/storage-methods/refrigerator/how-to-store-food-in-the-refrigerator/,guide,pin,pin.jpg,1000,1500,"organized food in glass containers","Vertical editorial food photograph, organized food in glass containers organized in clear glass containers on the shelves of a clean modern refrigerator, minimalist composition with clean negative space in the upper third for a title overlay, ultra realistic editorial food photography, bright natural window light, white modern kitchen, premium magazine quality, 85mm lens, shallow depth of field, highly detailed texture, no people, no text, no logos, no watermarks, no AI artifacts, no cartoon, no illustration","Organized food in glass containers stored in airtight containers in an organized pantry","","Dedicated Pinterest asset (1000×1500) — not rendered on page",/images/source/storage-methods/refrigerator/how-to-store-food-in-the-refrigerator/pin.jpg
/storage-methods/refrigerator/how-to-store-food-in-the-refrigerator/,/storage-methods/refrigerator/how-to-store-food-in-the-refrigerator/,guide,og,og.jpg,1200,630,"organized food in glass containers","Wide horizontal editorial food photograph, organized food in glass containers organized in clear glass containers on the shelves of a clean modern refrigerator, balanced composition centered on the food, ultra realistic editorial food photography, bright natural window light, white modern kitchen, premium magazine quality, 85mm lens, shallow depth of field, highly detailed texture, no people, no text, no logos, no watermarks, no AI artifacts, no cartoon, no illustration","Organized food in glass containers stored in airtight containers in an organized pantry","","Social share asset (1200×630) — not rendered on page",/images/source/storage-methods/refrigerator/how-to-store-food-in-the-refrigerator/og.jpg
/storage-methods/vacuum-sealing/how-to-vacuum-seal-food/,/storage-methods/vacuum-sealing/how-to-vacuum-seal-food/,guide,hero,hero.jpg,1600,900,"vacuum-sealed food pouches","Featured hero image, vacuum-sealed food pouches vacuum-sealed pouches of food on a clean white kitchen counter, ultra realistic editorial food photography, bright natural window light, white modern kitchen, premium magazine quality, 85mm lens, shallow depth of field, highly detailed texture, no people, no text, no logos, no watermarks, no AI artifacts, no cartoon, no illustration","Vacuum-sealed food pouches sealed in vacuum pouches for long-term storage","Proper airtight storage keeps vacuum-sealed food pouches fresh for months.","Hero — immediately below the H1",/images/source/storage-methods/vacuum-sealing/how-to-vacuum-seal-food/hero.jpg
/storage-methods/vacuum-sealing/how-to-vacuum-seal-food/,/storage-methods/vacuum-sealing/how-to-vacuum-seal-food/,guide,support,support.jpg,1200,675,"vacuum-sealed food pouches","Detail shot, vacuum-sealed food pouches vacuum-sealed pouches of food on a clean white kitchen counter, tight crop on the storage detail, ultra realistic editorial food photography, bright natural window light, white modern kitchen, premium magazine quality, 85mm lens, shallow depth of field, highly detailed texture, no people, no text, no logos, no watermarks, no AI artifacts, no cartoon, no illustration","Vacuum-sealed food pouches sealed in vacuum pouches for long-term storage — supporting storage detail","Detail: vacuum-sealed food pouches in airtight storage.","Supporting — after the storage table (shelf-life) or how-to steps (guides)",/images/source/storage-methods/vacuum-sealing/how-to-vacuum-seal-food/support.jpg
/storage-methods/vacuum-sealing/how-to-vacuum-seal-food/,/storage-methods/vacuum-sealing/how-to-vacuum-seal-food/,guide,pin,pin.jpg,1000,1500,"vacuum-sealed food pouches","Vertical editorial food photograph, vacuum-sealed food pouches vacuum-sealed pouches of food on a clean white kitchen counter, minimalist composition with clean negative space in the upper third for a title overlay, ultra realistic editorial food photography, bright natural window light, white modern kitchen, premium magazine quality, 85mm lens, shallow depth of field, highly detailed texture, no people, no text, no logos, no watermarks, no AI artifacts, no cartoon, no illustration","Vacuum-sealed food pouches sealed in vacuum pouches for long-term storage","","Dedicated Pinterest asset (1000×1500) — not rendered on page",/images/source/storage-methods/vacuum-sealing/how-to-vacuum-seal-food/pin.jpg
/storage-methods/vacuum-sealing/how-to-vacuum-seal-food/,/storage-methods/vacuum-sealing/how-to-vacuum-seal-food/,guide,og,og.jpg,1200,630,"vacuum-sealed food pouches","Wide horizontal editorial food photograph, vacuum-sealed food pouches vacuum-sealed pouches of food on a clean white kitchen counter, balanced composition centered on the food, ultra realistic editorial food photography, bright natural window light, white modern kitchen, premium magazine quality, 85mm lens, shallow depth of field, highly detailed texture, no people, no text, no logos, no watermarks, no AI artifacts, no cartoon, no illustration","Vacuum-sealed food pouches sealed in vacuum pouches for long-term storage","","Social share asset (1200×630) — not rendered on page",/images/source/storage-methods/vacuum-sealing/how-to-vacuum-seal-food/og.jpg
/storage-methods/,/storage-methods/,pillar,hero,hero.jpg,1600,900,"airtight storage containers","Featured hero image, airtight storage containers a bright modern kitchen pantry with organized airtight glass containers, ultra realistic editorial food photography, bright natural window light, white modern kitchen, premium magazine quality, 85mm lens, shallow depth of field, highly detailed texture, no people, no text, no logos, no watermarks, no AI artifacts, no cartoon, no illustration","Airtight storage containers arranged in a bright, organized pantry","","Hero — immediately below the H1",/images/source/storage-methods/hero.jpg
/storage-methods/,/storage-methods/,pillar,pin,pin.jpg,1000,1500,"airtight storage containers","Vertical editorial food photograph, airtight storage containers a bright modern kitchen pantry with organized airtight glass containers, minimalist composition with clean negative space in the upper third for a title overlay, ultra realistic editorial food photography, bright natural window light, white modern kitchen, premium magazine quality, 85mm lens, shallow depth of field, highly detailed texture, no people, no text, no logos, no watermarks, no AI artifacts, no cartoon, no illustration","Airtight storage containers arranged in a bright, organized pantry","","Dedicated Pinterest asset (1000×1500) — not rendered on page",/images/source/storage-methods/pin.jpg
/storage-methods/,/storage-methods/,pillar,og,og.jpg,1200,630,"airtight storage containers","Wide horizontal editorial food photograph, airtight storage containers a bright modern kitchen pantry with organized airtight glass containers, balanced composition centered on the food, ultra realistic editorial food photography, bright natural window light, white modern kitchen, premium magazine quality, 85mm lens, shallow depth of field, highly detailed texture, no people, no text, no logos, no watermarks, no AI artifacts, no cartoon, no illustration","Airtight storage containers arranged in a bright, organized pantry","","Social share asset (1200×630) — not rendered on page",/images/source/storage-methods/og.jpg
/tools/,/tools/,tool,hero,hero.jpg,1600,900,"kitchen storage tools","Featured hero image, kitchen storage tools clean kitchen storage tools and airtight containers arranged on a white counter, ultra realistic editorial food photography, bright natural window light, white modern kitchen, premium magazine quality, 85mm lens, shallow depth of field, highly detailed texture, no people, no text, no logos, no watermarks, no AI artifacts, no cartoon, no illustration","Kitchen storage tools arranged in a bright, organized pantry","","Hero — immediately below the H1",/images/source/tools/hero.jpg
/tools/,/tools/,tool,og,og.jpg,1200,630,"kitchen storage tools","Wide horizontal editorial food photograph, kitchen storage tools clean kitchen storage tools and airtight containers arranged on a white counter, balanced composition centered on the food, ultra realistic editorial food photography, bright natural window light, white modern kitchen, premium magazine quality, 85mm lens, shallow depth of field, highly detailed texture, no people, no text, no logos, no watermarks, no AI artifacts, no cartoon, no illustration","Kitchen storage tools arranged in a bright, organized pantry","","Social share asset (1200×630) — not rendered on page",/images/source/tools/og.jpg